nm,発光,nm,励起光
202,35.3504795,201,4.133755799
202.5,35.2981585,202,4.180456984
203,35.24514687,203,4.231468724
203.5,35.23187372,204,4.455179189
204,35.23358479,205,4.515845473
204.5,35.19322684,206,4.580454996
205,35.13273632,207,4.645589869
205.5,35.08629479,208,4.818992887
206,35.07424822,209,4.885467821
206.5,35.08370377,210,4.932331265
207,35.08730617,211,5.054562381
207.5,35.05907566,212,5.083291972
208,35.00382319,213,5.104471784
208.5,34.94909987,214,5.115202991
209,34.92228258,215,5.125803767
209.5,34.92661418,216,5.124588585
210,34.93575702,217,5.350355232
210.5,34.92239645,218,5.336905016
211,34.87494489,219,5.318160396
211.5,34.81460628,220,5.319781388
212,34.7757201,221,5.295912529
212.5,34.77786946,222,5.267428423
213,34.76403229,223,5.237094953
213.5,34.71028495,224,5.210611455
214,34.6524425,225,5.185264675
214.5,34.61932161,226,5.163239033
215,34.61961026,227,5.10807983
215.5,34.62985809,228,5.096791519
216,34.62272186,229,5.089005734
216.5,34.58053089,230,4.964363643
217,34.52040948,231,4.971970786
217.5,34.47442803,232,4.985834899
218,34.47144754,233,4.961331521
218.5,34.46542408,234,4.971177751
219,34.41669252,235,4.971380551
219.5,34.3570609,236,4.943836977
220,34.31752476,237,4.635087076
220.5,34.31287028,238,4.900890604
221,34.32350234,239,4.890746796
221.5,34.32167036,240,4.904867919
222,34.28475051,241,4.873879602
222.5,34.22753956,242,4.835500463
223,34.1774086,243,4.800298166
223.5,34.15641258,244,4.745797784
224,34.16734872,245,4.68433181
224.5,34.18369184,246,4.616951715
225,34.1262123,247,4.546905427
225.5,34.0226993,248,4.471946471
226,34.00248039,249,4.770528427
226.5,34.01216311,250,4.685075979
227,33.96686255,251,4.598894246
227.5,33.86362177,252,4.59005818
228,33.78260885,253,4.499184699
228.5,33.78993297,254,4.414531763
229,33.75228585,255,4.328422086
229.5,33.6443905,256,4.406145487
230,33.58087885,257,4.319253109
230.5,33.54537147,258,4.228789385
231,33.49707582,259,4.30643073
231.5,33.44432042,260,4.217111957
232,33.40075241,261,4.126152501
232.5,33.3630791,262,4.201277104
233,33.2776605,263,3.942182881
233.5,33.1804503,264,4.019928682
234,33.17619037,265,4.078597496
234.5,33.1581851,266,3.985498144
235,33.0537602,267,3.896304705
235.5,32.97844025,268,3.807804252
236,32.9426978,269,3.803875475
236.5,32.89674716,270,3.719741436
237,32.84377731,271,3.641449939
237.5,32.79746082,272,3.579355593
238,32.76188068,273,3.510097663
238.5,32.68827102,274,3.449562047
239,32.58300714,275,3.372355384
239.5,32.56245293,276,3.323868978
240,32.56014487,277,3.278500707
240.5,32.46445842,278,3.158538692
241,32.37760859,279,3.127806909
241.5,32.33937986,280,3.100987782
242,32.29535705,281,2.940615558
242.5,32.24458793,282,2.922880577
243,32.19724365,283,2.907804782
243.5,32.14952319,284,2.891507486
244,32.10216746,285,2.737902996
244.5,32.05592392,286,2.713620007
245,32.00244638,287,2.713620007
245.5,31.95683618,288,2.580906893
246,31.94893245,289,2.581243643
246.5,31.95577961,290,2.587341222
247,31.95501964,291,2.481764105
247.5,31.95392177,292,2.486781887
248,31.95446794,293,2.501135159
248.5,31.95460356,294,2.508814148
249,31.95407258,295,2.393414321
249.5,31.9542737,296,2.39921589
250,31.95613437,297,2.402785412
250.5,31.95188383,298,2.334213862
251,31.94960489,299,2.333495208
251.5,31.98247991,300,2.330792559
252,32.03718529,301,2.327881851
252.5,32.08521293,302,2.322720705
253,32.13163989,303,2.316430093
253.5,32.17969268,304,2.169957249
254,32.22668002,305,2.16187704
254.5,32.27632238,306,2.153896611
255,32.32505156,307,2.143279986
255.5,32.36047673,308,2.132933766
256,32.42457994,309,2.121021993
256.5,32.53403055,310,2.107940795
257,32.56485329,311,2.09615275
257.5,32.56083407,312,2.081620746
258,32.68577942,313,2.068131446
258.5,32.83613935,314,1.912323835
259,32.92503147,315,1.89975772
259.5,33.01257146,316,1.885345724
260,33.11259001,317,1.844222801
260.5,33.20988831,318,1.83067278
261,33.29689435,319,1.818713915
261.5,33.3965889,320,1.778735569
262,33.53987302,321,1.765371409
262.5,33.67238746,322,1.751038871
263,33.76349295,323,1.71202396
263.5,33.85266314,324,1.69746976
264,33.95291001,325,1.684235354
264.5,34.05297407,326,1.670614081
265,34.12393334,327,1.634567358
265.5,34.16451491,328,1.622198119
266,34.20220971,329,1.608318575
266.5,34.27375057,330,1.573626177
267,34.37396955,331,1.561456325
267.5,34.44087259,332,1.549433464
268,34.47610274,333,1.517063007
268.5,34.51714321,334,1.505536055
269,34.60092081,335,1.493555294
269.5,34.69727512,336,1.462996947
270,34.74571064,337,1.452305438
270.5,34.80366269,338,1.441528073
271,34.90423956,339,1.431398832
271.5,35.00361094,340,1.401692933
272,35.09749095,341,1.391388431
272.5,35.19454002,342,1.381128763
273,35.28254576,343,1.354088328
273.5,35.38292775,344,1.344460197
274,35.52704339,345,1.335463942
274.5,35.65800289,346,1.310271932
275,35.74837211,347,1.301968645
275.5,35.84007614,348,1.293224168
276,35.93714735,349,1.269761839
276.5,36.03135,350,1.260928993
277,36.13257691,351,1.251357743
277.5,36.22390725,352,1.235218148
278,36.27726557,353,1.227200408
278.5,36.31785132,354,1.219026706
279,36.36657636,355,1.210661233
279.5,36.41838427,356,1.197488495
280,36.46048438,357,1.185620124
280.5,36.50056364,358,1.175170245
281,36.59256552,359,1.167515336
281.5,36.68242533,360,1.157580307
282,36.67913815,361,1.148305865
282.5,36.70838301,362,1.129895817
283,36.81562984,363,1.12073252
283.5,36.88355263,364,1.112083908
284,36.91924559,365,1.091315614
284.5,36.96716852,366,1.083371226
285,37.01736044,367,1.076140536
285.5,37.06412995,368,1.070288832
286,37.11090573,369,1.049198569
286.5,37.16110599,370,1.049198569
287,37.20899689,371,1.046712894
287.5,37.24470394,372,1.025895279
288,37.31278653,373,1.025200336
288.5,37.4199486,374,1.025499359
289,37.44908952,375,1.006288208
289.5,37.44581093,376,1.007671031
290,37.53514151,377,1.009583999
290.5,37.62918494,378,0.98920226
291,37.66929437,379,0.991706683
291.5,37.69996315,380,0.995038183
292,37.77183,381,0.974839838
292.5,37.87871226,382,0.977183165
293,37.90630578,383,0.979165545
293.5,37.90378314,384,0.980869784
294,37.99383939,385,0.956741583
294.5,38.08733365,386,0.957675301
295,38.12712714,387,0.958902789
295.5,38.1579401,388,0.932603611
296,38.23041939,389,0.933383601
296.5,38.33713285,390,0.9338654
297,38.36357059,391,0.90940049
297.5,38.36178893,392,0.909974841
298,38.45325793,393,0.910077195
298.5,38.54395068,394,0.884671621
299,38.58351557,395,0.88439849
299.5,38.62607005,396,0.883604449
300,38.67774192,397,0.882790128
300.5,38.7261237,398,0.862604427
301,38.76787495,399,0.861930908
301.5,38.82079345,400,0.861100626
302,38.90839499,401,0.828965416
302.5,39.02347078,402,0.828146918
303,39.11647202,403,0.826597682
303.5,39.12177707,404,0.807579575
304,39.13573487,405,0.808270353
304.5,39.23560459,406,0.807578405
305,39.33923014,407,0.787919489
305.5,39.4332656,408,0.786917556
306,39.53933293,409,0.787014665
306.5,39.59551432,410,0.771148381
307,39.58475454,411,0.77049928
307.5,39.56350903,412,0.76904637
308,39.59851389,413,0.767931463
308.5,39.7004901,414,0.754737507
309,39.77540387,415,0.753817157
309.5,39.81147207,416,0.752964123
310,39.85301149,417,0.741066986
310.5,39.92167132,418,0.740306973
311,40.02234717,419,0.739147927
311.5,40.13776354,420,0.728500299
312,40.19586002,421,0.72801194
312.5,40.18568391,422,0.727078691
313,40.23681876,423,0.725082322
313.5,40.35126453,424,0.714095777
314,40.45420805,425,0.71325879
314.5,40.52423771,426,0.712453017
315,40.56737478,427,0.700947137
315.5,40.607341,428,0.700351689
316,40.66862492,429,0.699441832
316.5,40.76397525,430,0.688560311
317,40.88052758,431,0.689479431
317.5,40.95573046,432,0.688568559
318,40.94937693,433,0.680149337
318.5,40.98248121,434,0.67972558
319,41.09186078,435,0.678936709
319.5,41.19980379,436,0.6702187
320,41.27650579,437,0.669701147
320.5,41.32300553,438,0.669727352
321,41.36133031,439,0.669282368
321.5,41.41726639,440,0.663643735
322,41.50780676,441,0.663229623
322.5,41.6188279,442,0.662653967
323,41.70994708,443,0.662179339
323.5,41.73228726,444,0.661933272
324,41.70728701,445,0.661578676
324.5,41.77941252,446,0.660967011
325,42.20871986,447,0.660959008
325.5,42.68660519,448,0.660944004
326,42.78236571,449,0.636230491
326.5,42.74275618,450,0.636292614
327,42.7544108,451,0.636400968
327.5,42.81047333,452,0.628478596
328,42.88075351,453,0.628928002
328.5,42.94404952,454,0.629440182
329,43.00359457,455,0.630349933
329.5,43.07142948,456,0.623522647
330,43.14447268,457,0.624548506
330.5,43.16808916,458,0.62594044
331,43.16337888,459,0.620656532
331.5,43.21357103,460,0.62200868
332,43.28916236,461,0.623081377
332.5,43.35173557,462,0.617820032
333,43.41096337,463,0.619248851
333.5,43.47870362,464,0.620925921
334,43.55007759,465,0.615333738
334.5,43.57951473,466,0.617555312
335,43.58296657,467,0.618990902
335.5,43.62657491,468,0.62056787
336,43.69635557,469,0.615899639
336.5,43.76071927,470,0.618082794
337,43.80635721,471,0.620301946
337.5,43.86026925,472,0.615692133
338,43.95251547,473,0.618168528
338.5,44.06147262,474,0.620470423
339,44.1518177,475,0.616013085
339.5,44.19944358,476,0.618777645
340,44.25749773,477,0.621722694
340.5,44.35681171,478,0.619086496
341,44.45868855,479,0.622389481
341.5,44.54947086,480,0.62528624
342,44.63996076,481,0.622582515
342.5,44.75961267,482,0.626647689
343,44.90940151,483,0.631004897
343.5,45.06113795,484,0.635122267
344,45.18541843,485,0.632960243
344.5,45.27776636,486,0.63809119
345,45.3691025,487,0.643581014
345.5,45.46723753,488,0.643220537
346,45.56459675,489,0.650659764
346.5,45.65140854,490,0.656948577
347,45.75134881,491,0.656776689
347.5,45.89708531,492,0.663631371
348,46.02350195,493,0.670839602
348.5,46.11231669,494,0.671063351
349,46.24454628,495,0.678443971
349.5,46.3866938,496,0.686351245
350,46.48206759,497,0.693994778
350.5,46.57408906,498,0.696123116
351,46.66957417,499,0.703922376
351.5,46.74986412,500,0.712117465
352,46.88648189,501,0.720525029
352.5,47.08672471,502,0.728822254
353,47.24334793,503,0.736341767
353.5,47.38590529,504,0.729929132
354,47.5761928,505,0.737749605
354.5,47.77511565,506,0.745684268
355,47.96328287,507,0.746282118
355.5,48.15120213,508,0.753286824
356,48.34891618,509,0.76056885
356.5,48.54136985,510,0.760655124
357,48.68908909,511,0.767109372
357.5,48.83788484,512,0.773588484
358,49.03187658,513,0.779732116
358.5,49.21338104,514,0.778877605
359,49.41248525,515,0.755628367
359.5,49.70061481,516,0.790742954
360,49.96222241,517,0.789698063
360.5,50.14266786,518,0.794964261
361,50.329794,519,0.800103016
361.5,50.51814195,520,0.797674373
362,50.6973841,521,0.801645975
362.5,50.95406077,522,0.805417231
363,51.24503932,523,0.800736026
363.5,51.45119341,524,0.803770202
364,51.62096054,525,0.806140677
364.5,51.81387226,526,0.808758614
365,52.04088306,527,0.804170486
365.5,52.28774398,528,0.807049459
366,52.52995359,529,0.809678939
366.5,52.74405038,530,0.804429628
367,52.92578043,531,0.8061769
367.5,53.09916428,532,0.807817349
368,53.33970613,533,0.802086274
368.5,53.63548929,534,0.803575258
369,53.86105833,535,0.804885889
369.5,54.02622355,536,0.799687653
370,54.20641719,537,0.800726112
370.5,54.46988138,538,0.801446794
371,54.75793331,539,0.795216833
371.5,54.95945617,540,0.79588177
372,55.1378179,541,0.781236427
372.5,55.33194041,542,0.795386341
373,55.50706945,543,0.790521364
373.5,55.72711197,544,0.790651485
374,56.02314357,545,0.791373821
374.5,56.26425759,546,0.784894493
375,56.43707952,547,0.784731462
375.5,56.61882496,548,0.784423633
376,56.83345173,549,0.77896037
376.5,57.07575022,550,0.778117872
377,57.32144005,551,0.777780802
377.5,57.55020486,552,0.767503452
378,57.74530971,553,0.767059427
378.5,57.89629214,554,0.766327101
379,58.04008048,555,0.76535698
379.5,58.22615539,556,0.759863189
380,58.42398221,557,0.758910675
380.5,58.61335712,558,0.757837876
381,58.80635959,559,0.749099731
381.5,58.99241433,560,0.748147967
382,59.17698829,561,0.747004953
382.5,59.41186657,562,0.742466729
383,59.64395455,563,0.741486192
383.5,59.78967984,564,0.740892727
384,59.9398086,565,0.732520597
384.5,60.13845269,566,0.731512133
385,60.33381817,567,0.730359748
385.5,60.52167458,568,0.728567527
386,60.71271966,569,0.723669778
386.5,60.90413714,570,0.722652608
387,61.09481263,571,0.721704354
387.5,61.28566614,572,0.71498917
388,61.47660064,573,0.713555407
388.5,61.66747305,574,0.712155189
389,61.85835046,575,0.707617387
389.5,62.04923803,576,0.70600895
390,62.24012118,577,0.704304367
390.5,62.43100386,578,0.703046462
391,62.62188755,579,0.701548192
391.5,62.812771,580,0.700081303
392,63.00365433,581,0.698059907
392.5,63.19453775,582,0.69650455
393,63.38542116,583,0.694847039
393.5,63.57630456,584,0.69271748
394,63.76718796,585,0.676440194
394.5,63.95807137,586,0.674802153
395,64.14895477,587,0.67330557
395.5,64.33983817,588,0.667102854
396,64.53072158,589,0.6649676
396.5,64.72160498,590,0.663598947
397,64.91248838,591,0.657850608
397.5,65.10337179,592,0.656312549
398,65.29425519,593,0.654234283
398.5,65.48513859,594,0.64891904
399,65.676022,595,0.647076255
399.5,65.8669054,596,0.645321589
400,66.0577888,597,0.643860755
400.5,66.24867221,598,0.63844092
401,66.43955561,599,0.636766903
401.5,66.63043902,600,0.635401769
402,66.82132243,601,0.629668946
402.5,67.01220576,602,0.629668946
403,67.20308925,603,0.629668946
403.5,67.3939729,604,0.626077145
404,67.58485541,605,0.626077145
404.5,67.77573904,606,0.626077145
405,67.96662661,607,0.622256482
405.5,68.15750132,608,0.622256482
406,68.3483782,609,0.622256482
406.5,68.53931811,610,0.618361178
407,68.7301376,611,0.618361178
407.5,68.92084344,612,0.618361178
408,69.11238361,613,0.618361178
408.5,69.30307139,614,0.614633829
409,69.49095004,615,0.614633829
409.5,69.68826969,616,0.614633829
410,69.88359684,617,0.610951146
410.5,70.02708744,618,0.610951146
411,70.18155745,619,0.610951146
411.5,70.42125615,620,0.607079057
412,70.64916562,621,0.607079057
412.5,70.83100141,622,0.607079057
413,71.018271,623,0.603601323
413.5,71.21238094,624,0.603601323
414,71.40312127,625,0.603601323
414.5,71.59183481,626,0.603601323
415,71.78500454,627,0.599935391
415.5,71.98102617,628,0.599935391
416,72.14929109,629,0.599935391
416.5,72.28612522,630,0.596313721
417,72.41994647,631,0.596313721
417.5,72.58186301,632,0.596313721
418,72.77588065,633,0.592846683
418.5,72.96569486,634,0.592846683
419,73.16076918,635,0.592846683
419.5,73.36540759,636,0.58930984
420,73.49538579,637,0.58930984
420.5,73.58414453,,
421,73.75731231,,
421.5,73.96254637,,
422,74.14982637,,
422.5,74.35572244,,
423,74.52491962,,
423.5,74.61217523,,
424,74.7465994,,
424.5,74.95236147,,
425,75.14641731,,
425.5,75.33672888,,
426,75.53009127,,
426.5,75.69017504,,
427,75.82347311,,
427.5,75.96116455,,
428,76.13114227,,
428.5,76.32762434,,
429,76.52065346,,
429.5,76.70876951,,
430,76.89942176,,
430.5,77.09703182,,
431,77.27876048,,
431.5,77.42405348,,
432,77.55573038,,
432.5,77.70379055,,
433,77.88865697,,
433.5,78.08565147,,
434,78.27561678,,
434.5,78.46610259,,
435,78.65675279,,
435.5,78.84633917,,
436,79.04315423,,
436.5,79.23059174,,
437,79.38047457,,
437.5,79.51570389,,
438,79.65945963,,
438.5,79.8109231,,
439,79.94266046,,
439.5,80.03750906,,
440,80.13201949,,
440.5,80.22649622,,
441,80.3053758,,
441.5,80.4467147,,
442,80.64792339,,
442.5,80.77558729,,
443,80.85378376,,
443.5,80.95035155,,
444,81.04351397,,
444.5,81.14161056,,
445,81.27708663,,
445.5,81.43199722,,
446,81.5750863,,
446.5,81.68150777,,
447,81.77141593,,
447.5,81.86845872,,
448,81.95713627,,
448.5,82.05773279,,
449,82.20211548,,
449.5,82.33257821,,
450,82.42269681,,
450.5,82.51451032,,
451,82.61160662,,
451.5,82.70590434,,
452,82.80681156,,
452.5,82.89806065,,
453,82.95254648,,
453.5,82.98887321,,
454,83.03715254,,
454.5,83.12147616,,
455,83.22367939,,
455.5,83.31926095,,
456,83.4118728,,
456.5,83.5089873,,
457,83.61050615,,
457.5,83.68718114,,
458,83.73057522,,
458.5,83.76825193,,
459,83.82994494,,
459.5,83.92603019,,
460,84.02661913,,
460.5,84.11991091,,
461,84.21273273,,
461.5,84.31552716,,
462,84.41111572,,
462.5,84.46044247,,
463,84.51787468,,
463.5,84.61972578,,
464,84.68580536,,
464.5,84.73023693,,
465,84.82011893,,
465.5,84.92394847,,
466,85.01767374,,
466.5,85.11276274,,
467,85.20765468,,
467.5,85.30165005,,
468,85.40591393,,
468.5,85.49340951,,
469,85.53661194,,
469.5,85.60592958,,
470,85.70715556,,
470.5,85.76173783,,
471,85.81335334,,
471.5,85.91079136,,
472,86.01217005,,
472.5,86.10547108,,
473,86.20171591,,
473.5,86.29404381,,
474,86.38971631,,
474.5,86.50342103,,
475,86.56367917,,
475.5,86.55242326,,
476,86.60925528,,
476.5,86.71616906,,
477,86.77217892,,
477.5,86.80047717,,
478,86.85176977,,
478.5,86.95700133,,
479,87.02230816,,
479.5,87.01048463,,
480,87.06802246,,
480.5,87.17440671,,
481,87.22738646,,
481.5,87.26437948,,
482,87.31455751,,
482.5,87.36580198,,
483,87.40792583,,
483.5,87.45159963,,
484,87.53693611,,
484.5,87.6321018,,
485,87.68349056,,
485.5,87.72298341,,
486,87.7726593,,
486.5,87.82439263,,
487,87.8649588,,
487.5,87.90749794,,
488,88.00418258,,
488.5,88.08704444,,
489,88.07947683,,
489.5,88.11788807,,
490,88.22601519,,
490.5,88.28877242,,
491,88.32426957,,
491.5,88.37272553,,
492,88.42545655,,
492.5,88.46880031,,
493,88.50672223,,
493.5,88.59298823,,
494,88.68939459,,
494.5,88.69261814,,
495,88.71194771,,
495.5,88.81682111,,
496,88.89124073,,
496.5,88.92690842,,
497,88.97308675,,
497.5,89.02591705,,
498,89.07209358,,
498.5,89.10838418,,
499,89.18148703,,
499.5,89.28546087,,
500,89.31341111,,
500.5,89.30604361,,
501,89.35102189,,
501.5,89.40788306,,
502,89.45313768,,
502.5,89.50001194,,
503,89.54841752,,
503.5,89.59598983,,
504,89.64421941,,
504.5,89.69120278,,
505,89.73708531,,
505.5,89.792286,,
506,89.83682872,,
506.5,89.83735157,,
507,89.8471941,,
507.5,89.89886014,,
508,89.95127,,
508.5,89.99682835,,
509,90.04492235,,
509.5,90.09111859,,
510,90.13963759,,
510.5,90.19600018,,
511,90.22241158,,
511.5,90.21713431,,
512,90.2468329,,
512.5,90.30341165,,
513,90.35133493,,
513.5,90.39774398,,
514,90.44573526,,
514.5,90.49130777,,
515,90.54450869,,
515.5,90.59454401,,
516,90.60153275,,
516.5,90.60424946,,
517,90.65103662,,
517.5,90.70564881,,
518,90.75127671,,
518.5,90.79824393,,
519,90.84698432,,
519.5,90.89476403,,
520,90.94002034,,
520.5,90.9911978,,
521,91.04519622,,
521.5,91.06056597,,
522,91.0579618,,
522.5,91.09771656,,
523,91.15424651,,
523.5,91.20082055,,
524,91.24501954,,
524.5,91.2968446,,
525,91.35058361,,
525.5,91.36590226,,
526,91.36321632,,
526.5,91.4013062,,
527,91.46320784,,
527.5,91.51110735,,
528,91.5164056,,
528.5,91.51983963,,
529,91.56595129,,
529.5,91.62791241,,
530,91.66835831,,
530.5,91.6673782,,
531,91.67872756,,
531.5,91.73115145,,
532,91.79174195,,
532.5,91.82324431,,
533,91.81890528,,
533.5,91.839543,,
534,91.89669849,,
534.5,91.9543349,,
535,91.97618569,,
535.5,91.97164899,,
536,92.0019493,,
536.5,92.06227443,,
537,92.11540428,,
537.5,92.12772131,,
538,92.12625217,,
538.5,92.1661882,,
539,92.22653409,,
539.5,92.27334593,,
540,92.28581013,,
540.5,92.27651987,,
541,92.27276102,,
541.5,92.29996624,,
542,92.35546615,,
542.5,92.41240629,,
543,92.43378641,,
543.5,92.42928196,,
544,92.46098217,,
544.5,92.52054341,,
545,92.57186815,,
545.5,92.59098893,,
546,92.5837119,,
546.5,92.57689546,,
547,92.59700517,,
547.5,92.648984,,
548,92.70909205,,
548.5,92.737947,,
549,92.73151442,,
549.5,92.76476265,,
550,92.81324234,,
550.5,92.81069203,,
551,92.82834735,,
551.5,92.88240895,,
552,92.89699956,,
552.5,92.8874059,,
553,92.88786671,,
553.5,92.88957804,,
554,92.88892324,,
554.5,92.88882363,,
555,92.88898642,,
555.5,92.88895221,,
556,92.88893282,,
556.5,92.88894604,,
557,92.8889453,,
557.5,92.88894298,,
558,92.88894389,,
558.5,92.88894402,,
559,92.88894379,,
559.5,92.88894384,,
560,92.88894387,,
560.5,92.88894385,,
561,92.88894385,,
561.5,92.88894385,,
562,92.88894385,,
562.5,92.88894385,,
563,92.88894385,,
563.5,92.88894385,,
564,92.88894385,,
564.5,92.88894385,,
565,92.88894386,,
565.5,92.88894385,,
566,92.88894386,,
566.5,92.88894388,,
567,92.88894379,,
567.5,92.8889438,,
568,92.88894428,,
568.5,92.88894333,,
569,92.88894252,,
569.5,92.88894887,,
570,92.88894212,,
570.5,92.88892142,,
571,92.88899436,,
571.5,92.88897765,,
572,92.88863497,,
572.5,92.88933816,,
573,92.88989554,,
573.5,92.88526954,,
574,92.89037087,,
574.5,92.90512414,,
575,92.84741609,,
575.5,92.74415516,,
576,92.72263421,,
576.5,92.73917111,,
577,92.73680311,,
577.5,92.74034157,,
578,92.7342992,,
578.5,92.69029351,,
579,92.63112769,,
579.5,92.58662564,,
580,92.57720743,,
580.5,92.5872396,,
581,92.58905948,,
581.5,92.55837438,,
582,92.50143711,,
582.5,92.44622158,,
583,92.42927651,,
583.5,92.43265796,,
584,92.39669217,,
584.5,92.33655993,,
585,92.28740695,,
585.5,92.2716893,,
586,92.2801045,,
586.5,92.28552523,,
587,92.26176576,,
587.5,92.2079029,,
588,92.14961892,,
588.5,92.12381217,,
589,92.12875961,,
589.5,92.1014174,,
590,92.04274676,,
590.5,91.98950259,,
591,91.96694037,,
591.5,91.97288398,,
592,91.98094404,,
592.5,91.96406054,,
593,91.91413753,,
593.5,91.85420579,,
594,91.8196201,,
594.5,91.82334515,,
595,91.8053894,,
595.5,91.74931097,,
596,91.69073364,,
596.5,91.66626133,,
597,91.67103664,,
597.5,91.64351804,,
598,91.583596,,
598.5,91.52850329,,
599,91.51632447,,
599.5,91.51761785,,
600,91.46915404,,
600.5,91.43617786,,
601,91.44303932,,
601.5,91.40707181,,
602,91.35961922,,
602.5,91.35867602,,
603,91.36602585,,
603.5,91.36379425,,
604,91.36316609,,
604.5,91.36381812,,
605,91.36372327,,
605.5,91.36363013,,
606,91.36367973,,
606.5,91.36368059,,
607,91.36367059,,
607.5,91.36367371,,
608,91.36367449,,
608.5,91.36367371,,
609,91.36367388,,
609.5,91.36367337,,
610,91.36367424,,
610.5,91.36367586,,
611,91.36366804,,
611.5,91.36367296,,
612,91.36370424,,
612.5,91.36362162,,
613,91.36360105,,
613.5,91.36406113,,
614,91.3633573,,
614.5,91.36221487,,
615,91.36793784,,
615.5,91.36411577,,
616,91.32410758,,
616.5,91.26386392,,
617,91.21602598,,
617.5,91.21104434,,
618,91.20712861,,
618.5,91.16026431,,
619,91.10027265,,
619.5,91.05888805,,
620,91.05255706,,
620.5,91.06289356,,
621,91.06255209,,
621.5,91.02849727,,
622,90.97034109,,
622.5,90.91721266,,
623,90.9045467,,
623.5,90.90612505,,
624,90.86615503,,
624.5,90.80577735,,
625,90.75901269,,
625.5,90.74656179,,
626,90.75593252,,
626.5,90.75975967,,
627,90.73195499,,
627.5,90.6768589,,
628,90.62197145,,
628.5,90.59472506,,
629,90.59884011,,
629.5,90.60808418,,
630,90.59511984,,
630.5,90.54796437,,
631,90.4876058,,
631.5,90.4482459,,
632,90.45015414,,
632.5,90.43682693,,
633,90.38334475,,
633.5,90.32536764,,
634,90.29183347,,
634.5,90.29184282,,
635,90.30218115,,
635.5,90.29535359,,
636,90.25333235,,
636.5,90.19381451,,
637,90.14743258,,
637.5,90.14126469,,
638,90.14073698,,
638.5,90.09803323,,
639,89.99714167,,
639.5,89.91352209,,
640,89.92211946,,
640.5,89.879339,,
641,89.77220716,,
641.5,89.76025236,,
642,89.74931602,,
642.5,89.6465709,,
643,89.56538868,,
643.5,89.53218432,,
644,89.49649142,,
644.5,89.41033947,,
645,89.3120502,,
645.5,89.30553118,,
646,89.29053558,,
646.5,89.18759643,,
647,89.10755589,,
647.5,89.07434931,,
648,89.03837342,,
648.5,88.95167984,,
649,88.85389631,,
649.5,88.84829155,,
650,88.83208277,,
650.5,88.72845006,,
651,88.65144109,,
651.5,88.61593128,,
652,88.57157109,,
652.5,88.51413575,,
653,88.4684103,,
653.5,88.46643889,,
654,88.45870198,,
654.5,88.40836643,,
655,88.35514961,,
655.5,88.30979222,,
656,88.26245558,,
656.5,88.21368902,,
657,88.16621762,,
657.5,88.12093652,,
658,88.06826332,,
658.5,88.01670478,,
659,88.00708265,,
659.5,88.00641076,,
660,87.9616921,,
660.5,87.90665597,,
661,87.86075301,,
661.5,87.81317839,,
662,87.76617393,,
662.5,87.7194837,,
663,87.66319412,,
663.5,87.62541788,,
664,87.62898162,,
664.5,87.61115163,,
665,87.55637978,,
665.5,87.50601725,,
666,87.46026509,,
666.5,87.41206043,,
667,87.36630212,,
667.5,87.31596983,,
668,87.26116749,,
668.5,87.2432035,,
669,87.2468138,,
669.5,87.20920384,,
670,87.15277479,,
670.5,87.10599275,,
671,87.059793,,
671.5,87.01122874,,
672,86.96296828,,
672.5,86.91737689,,
673,86.86882715,,
673.5,86.81233568,,
674,86.78518753,,
674.5,86.79048629,,
675,86.76161049,,
675.5,86.70499571,,
676,86.65677096,,
676.5,86.61109706,,
677,86.56277953,,
677.5,86.51425463,,
678,86.46816219,,
678.5,86.42114465,,
679,86.36458537,,
679.5,86.32853904,,
680,86.33267816,,
680.5,86.31302853,,
681,86.25776281,,
681.5,86.20766332,,
682,86.16223835,,
682.5,86.11421876,,
683,86.0661142,,
683.5,86.01862702,,
684,85.97103783,,
684.5,85.92272997,,
685,85.87530444,,
685.5,85.82989626,,
686,85.7764938,,
686.5,85.72655935,,
687,85.71972015,,
687.5,85.7168821,,
688,85.66999151,,
688.5,85.6154491,,
689,85.56980914,,
689.5,85.52267972,,
690,85.47432341,,
690.5,85.42668123,,
691,85.37921771,,
691.5,85.33120298,,
692,85.28303366,,
692.5,85.23742166,,
693,85.18844805,,
693.5,85.13222064,,
694,85.10739383,,
694.5,85.11253623,,
695,85.08136302,,
695.5,85.02469046,,
696,84.97691383,,
696.5,84.93092704,,
697,84.88266084,,
697.5,84.83496214,,
698,84.78697047,,
698.5,84.73911983,,
699,84.69377035,,
699.5,84.64238367,,
700,84.58874779,,
700.5,84.57445214,,
701,84.57654851,,
701.5,84.53569514,,
702,84.47983247,,
702.5,84.43352554,,
703,84.38627293,,
703.5,84.33892412,,
704,84.2927487,,
704.5,84.23709837,,
705,84.19508159,,
705.5,84.19646613,,
706,84.18355093,,
706.5,84.13045482,,
707,84.07865693,,
707.5,84.03341254,,
708,83.98575483,,
708.5,83.93699756,,
709,83.88987337,,
709.5,83.84438506,,
710,83.79031971,,
710.5,83.7419671,,
711,83.73732375,,
711.5,83.73247243,,
712,83.68397002,,
712.5,83.6294427,,
713,83.58440996,,
713.5,83.53928621,,
714,83.48457409,,
714.5,83.43660154,,
715,83.43242496,,
715.5,83.42709385,,
716,83.37822669,,
716.5,83.32435652,,
717,83.27890981,,
717.5,83.23173232,,
718,83.18297151,,
718.5,83.13535826,,
719,83.09010616,,
719.5,83.03810038,,
720,82.98536401,,
720.5,82.97321756,,
721,82.97418337,,
721.5,82.93167265,,
722,82.87556284,,
722.5,82.82948037,,
723,82.78510104,,
723.5,82.73241199,,
724,82.679924,,
724.5,82.66814,,
725,82.6689694,,
725.5,82.62670091,,
726,82.56873824,,
726.5,82.52286141,,
727,82.48805625,,
727.5,82.41707332,,
728,82.31060789,,
728.5,82.28540394,,
729,82.28631413,,
729.5,82.19373734,,
730,82.10388297,,
730.5,82.0647204,,
731,82.02234613,,
731.5,81.96979551,,
732,81.92069272,,
732.5,81.88488419,,
733,81.82565041,,
733.5,81.71757383,,
734,81.67269138,,
734.5,81.68238518,,
735,81.60489912,,
735.5,81.50534207,,
736,81.46080112,,
736.5,81.42116897,,
737,81.36970559,,
737.5,81.31961159,,
738,81.27960762,,
738.5,81.23031189,,
739,81.13707038,,
739.5,81.04914422,,
740,81.0039912,,
740.5,80.96255817,,
741,80.91162016,,
741.5,80.86098947,,
742,80.82330694,,
742.5,80.77315607,,
743,80.66829874,,
743.5,80.60457941,,
744,80.61658962,,
744.5,80.55673659,,
745,80.45084929,,
745.5,80.39898135,,
746,80.36175584,,
746.5,80.31139142,,
747,80.26020009,,
747.5,80.21847377,,
748,80.1743425,,
748.5,80.08717391,,
749,79.99366471,,
749.5,79.94563446,,
750,79.8964192,,
750.5,79.84966194,,
751,79.85471778,,
751.5,79.83064294,,
752,79.72892326,,
752.5,79.6258967,,
753,79.53268178,,
753.5,79.43236438,,
754,79.35849092,,
754.5,79.31727097,,
755,79.27868906,,
755.5,79.21303735,,
756,79.11497509,,
756.5,79.01581581,,
757,78.92216546,,
757.5,78.82697245,,
758,78.7305819,,
758.5,78.63547436,,
759,78.54258223,,
759.5,78.44135434,,
760,78.34280655,,
760.5,78.28949161,,
761,78.2368302,,
761.5,78.13628168,,
762,78.06454661,,
762.5,78.0220599,,
763,77.93645776,,
763.5,77.83189561,,
764,77.73764927,,
764.5,77.64312384,,
765,77.54761133,,
765.5,77.45344848,,
766,77.35257679,,
766.5,77.25978638,,
767,77.2032829,,
767.5,77.16668947,,
768,77.11997137,,
768.5,77.03780469,,
769,76.93566035,,
769.5,76.83966346,,
770,76.74708425,,
770.5,76.65045047,,
771,76.54858437,,
771.5,76.46960494,,
772,76.42491679,,
772.5,76.38775456,,
773,76.32826025,,
773.5,76.23348115,,
774,76.13264869,,
774.5,76.03896243,,
775,75.94561989,,
775.5,75.84548752,,
776,75.74870355,,
776.5,75.68575151,,
777,75.64779635,,
777.5,75.60508537,,
778,75.52950585,,
778.5,75.42832245,,
779,75.33156067,,
779.5,75.2373066,,
780,75.14148197,,
780.5,75.04837164,,
781,74.94921753,,
781.5,74.84729104,,
782,74.78698828,,
782.5,74.74019768,,
783,74.64356062,,
783.5,74.56323721,,
784,74.5219447,,
784.5,74.44368055,,
785,74.33861346,,
785.5,74.24316614,,
786,74.14975853,,
786.5,74.05358432,,
787,73.9573578,,
787.5,73.86384403,,
788,73.76870122,,
788.5,73.66365052,,
789,73.58357894,,
789.5,73.54219656,,
790,73.46388967,,
790.5,73.36610815,,
791,73.31809996,,
791.5,73.25953359,,
792,73.15829624,,
792.5,73.05873964,,
793,72.96556885,,
793.5,72.86965019,,
794,72.77605889,,
794.5,72.6790134,,
795,72.57480356,,
795.5,72.50584841,,
796,72.46316738,,
796.5,72.37345946,,
797,72.28428586,,
797.5,72.24177473,,
798,72.17228087,,
798.5,72.06792528,,
799,71.97078475,,
799.5,71.87781423,,
800,71.78193766,,
800.5,71.68537653,,
801,71.5915502,,
801.5,71.49788916,,
802,71.39177883,,
802.5,71.30527002,,
803,71.26828553,,
803.5,71.17871576,,
804,71.02492661,,
804.5,70.92096346,,
805,70.82073486,,
805.5,70.67200288,,
806,70.55107208,,
806.5,70.46494777,,
807,70.37138639,,
807.5,70.2723325,,
808,70.17741743,,
808.5,70.08881331,,
809,69.98098187,,
809.5,69.83748147,,
810,69.68312892,,
810.5,69.54779843,,
811,69.44884516,,
811.5,69.35948681,,
812,69.26279138,,
812.5,69.16495042,,
813,69.073203,,
813.5,68.98104327,,
814,68.85784539,,
814.5,68.70584435,,
815,68.55421987,,
815.5,68.43921304,,
816,68.34787018,,
816.5,68.22016296,,
817,68.06221818,,
817.5,67.91385666,,
818,67.81910048,,
818.5,67.71319983,,
819,67.51836344,,
819.5,67.35444919,,
820,67.27307177,,
820.5,67.20252209,,
821,67.0654617,,
821.5,66.86363964,,
822,66.73201179,,
822.5,66.64739655,,
823,66.51162731,,
823.5,66.34926897,,
824,66.21037438,,
824.5,66.12429765,,
825,65.99887119,,
825.5,65.79748623,,
826,65.65441029,,
826.5,65.58182706,,
827,65.50305837,,
827.5,65.34627046,,
828,65.14842338,,
828.5,65.0314568,,
829,64.95225833,,
829.5,64.85452621,,
830,64.76260287,,
830.5,64.66128278,,
831,64.52207939,,
831.5,64.36714367,,
832,64.22715484,,
832.5,64.12364988,,
833,64.03497464,,
833.5,63.93918432,,
834,63.84022594,,
834.5,63.7481467,,
835,63.66044182,,
835.5,63.53345205,,
836,63.38725759,,
836.5,63.29031442,,
837,63.18368516,,
837.5,63.03422975,,
838,62.91845167,,
838.5,62.83169534,,
839,62.73495673,,
839.5,62.64505008,,
840,62.54734608,,
840.5,62.40423248,,
841,62.27258536,,
841.5,62.18223168,,
842,62.0699472,,
842.5,61.90410898,,
843,61.703205,,
843.5,61.55812999,,
844,61.47511632,,
844.5,61.3823423,,
845,61.28687964,,
845.5,61.19400451,,
846,61.06817201,,
846.5,60.91525465,,
847,60.76625145,,
847.5,60.65008412,,
848,60.55985276,,
848.5,60.46391392,,
849,60.37217944,,
849.5,60.2795233,,
850,60.14477687,,
850.5,60.0028845,,
851,59.90421676,,
851.5,59.82383606,,
852,59.72241299,,
852.5,59.576864,,
853,59.44923269,,
853.5,59.35986194,,
854,59.23536924,,
854.5,59.0828205,,
855,58.93936614,,
855.5,58.79814309,,
856,58.65440011,,
856.5,58.51106881,,
857,58.36807764,,
857.5,58.22489081,,
858,58.08170353,,
858.5,57.93855397,,
859,57.79539171,,
859.5,57.65222648,,
860,57.50906476,,
860.5,57.3659026,,
861,57.22273938,,
861.5,57.07957673,,
862,56.93641663,,
862.5,56.79325052,,
863,56.65008167,,
863.5,56.50694895,,
864,56.36376827,,
864.5,56.22048551,,
865,56.07763628,,
865.5,55.9345597,,
866,55.78963774,,
866.5,55.64912545,,
867,55.51039952,,
867.5,55.34193245,,
868,55.14374766,,
868.5,54.94520722,,
869,54.77349061,,
869.5,54.63373257,,
870,54.50105086,,
870.5,54.34455818,,
871,54.15272689,,
871.5,53.96137637,,
872,53.76912529,,
872.5,53.56181093,,
873,53.41867828,,
873.5,53.33336749,,
874,53.17227318,,
874.5,52.96548439,,
875,52.77787758,,
875.5,52.57426765,,
876,52.393941,,
876.5,52.30122213,,
877,52.17987394,,
877.5,51.9780619,,
878,51.77955311,,
878.5,51.59283305,,
879,51.40092239,,
879.5,51.21423612,,
880,51.01976332,,
880.5,50.80975921,,
881,50.67665016,,
881.5,50.59164257,,
882,50.3778367,,
882.5,50.14161777,,
883,50.00486421,,
883.5,49.8480093,,
884,49.64512048,,
884.5,49.45087998,,
885,49.26663113,,
885.5,49.07531416,,
886,48.86539915,,
886.5,48.70750599,,
887,48.62369558,,
887.5,48.47089307,,
888,48.27113586,,
888.5,48.1311254,,
889,47.96613549,,
889.5,47.76847179,,
890,47.65415327,,
890.5,47.56281712,,
891,47.41783862,,
891.5,47.26614379,,
892,47.12662117,,
892.5,46.98676701,,
893,46.83396926,,
893.5,46.69136147,,
894,46.60392153,,
894.5,46.48122527,,
895,46.27865908,,
895.5,46.14301541,,
896,46.05896523,,
896.5,45.92195394,,
897,45.76830938,,
897.5,45.6273976,,
898,45.48549913,,
898.5,45.34141792,,
899,45.19824254,,
899.5,45.05567508,,
900,44.91202216,,
900.5,44.76732501,,
901,44.62921236,,
901.5,44.48538935,,
902,44.30606477,,
902.5,44.10482201,,
903,43.9112293,,
903.5,43.74997681,,
904,43.61502786,,
904.5,43.47894369,,
905,43.31103922,,
905.5,43.11549103,,
906,42.92705424,,
906.5,42.7283973,,
907,42.52900842,,
907.5,42.41305141,,
908,42.31694826,,
908.5,42.13209759,,
909,41.92980782,,
909.5,41.74172058,,
910,41.53460884,,
910.5,41.37958811,,
911,41.29498137,,
911.5,41.14493018,,
912,40.93785164,,
912.5,40.74921258,,
913,40.54810206,,
913.5,40.3598667,,
914,40.26051776,,
914.5,40.14895204,,
915,39.95186461,,
915.5,39.75197504,,
916,39.56389007,,
916.5,39.36806122,,
917,39.19809444,,
917.5,39.06113623,,
918,38.92685645,,
918.5,38.76736262,,
919,38.57482487,,
919.5,38.37374565,,
920,38.19207824,,
920.5,38.04561881,,
921,37.91323202,,
921.5,37.76685568,,
922,37.58525871,,
922.5,37.38425934,,
923,37.1916958,,
923.5,37.03168955,,
924,36.89786306,,
924.5,36.76217379,,
925,36.58756892,,
925.5,36.39354491,,
926,36.24062583,,
926.5,36.10599132,,
927,35.96185562,,
927.5,35.81741901,,
928,35.67482733,,
928.5,35.53156838,,
929,35.3888067,,
929.5,35.2454583,,
930,35.09996712,,
930.5,34.96219579,,
931,34.82186168,,
931.5,34.63880868,,
932,34.44994165,,
932.5,34.30517761,,
933,34.16907204,,
933.5,34.02390369,,
934,33.88008964,,
934.5,33.7375416,,
935,33.59429994,,
935.5,33.4510489,,
936,33.30792791,,
936.5,33.16475801,,
937,33.0216252,,
937.5,32.87844595,,
938,32.73511792,,
938.5,32.59235813,,
939,32.44936399,,
939.5,32.30382869,,
940,32.16394498,,
940.5,32.02725251,,
941,31.85225437,,
941.5,31.65855095,,
942,31.50710537,,
942.5,31.37240687,,
943,31.22803577,,
943.5,31.08365605,,
944,30.94113522,,
944.5,30.79798525,,
945,30.65469542,,
945.5,30.51157138,,
946,30.36840739,,
946.5,30.2252647,,
947,30.08211383,,
947.5,29.93877374,,
948,29.79587352,,
948.5,29.65317377,,
949,29.50780474,,
949.5,29.36599688,,
950,29.2317025,,
950.5,29.06439994,,
951,28.86812494,,
951.5,28.71437317,,
952,28.57137649,,
952.5,28.38383323,,
953,28.17002781,,
953.5,27.99184476,,
954,27.8993159,,
954.5,27.7778297,,
955,27.57667154,,
955.5,27.38228081,,
956,27.18865164,,
956.5,26.98601468,,
957,26.86177342,,
957.5,26.77042537,,
958,26.5918711,,
958.5,26.38774934,,
959,26.20027652,,
959.5,25.9936675,,
960,25.83049678,,
960.5,25.7448189,,
961,25.60387055,,
961.5,25.39686763,,
962,25.20419193,,
962.5,25.01310218,,
963,24.8208531,,
963.5,24.66349586,,
964,24.53065571,,
964.5,24.39136687,,
965,24.220343,,
965.5,24.02219961,,
966,23.82412375,,
966.5,23.65353591,,
967,23.51442241,,
967.5,23.38070126,,
968,23.22441338,,
968.5,23.03382133,,
969,22.83240371,,
969.5,22.6480269,,
970,22.49893946,,
970.5,22.36702761,,
971,22.22290902,,
971.5,22.04115252,,
972,21.84592596,,
972.5,21.65802941,,
973,21.45184677,,
973.5,21.27456363,,
974,21.1831644,,
974.5,21.05965496,,
975,20.85679512,,
975.5,20.65477726,,
976,20.47580137,,
976.5,20.3270245,,
977,20.23409132,,
977.5,20.12857318,,
978,19.93205377,,
978.5,19.77490408,,
979,19.69173429,,
979.5,19.56645582,,
980,19.4109602,,
980.5,19.26797882,,
981,19.12998269,,
981.5,18.98314191,,
982,18.82919038,,
982.5,18.72225968,,
983,18.63036139,,
983.5,18.44332558,,
984,18.27305545,,
984.5,18.19115771,,
985,18.0325844,,
985.5,17.83796278,,
986,17.73902744,,
986.5,17.64025226,,
987,17.48802517,,
987.5,17.33075632,,
988,17.2097727,,
988.5,17.12057358,,
989,16.9896595,,
989.5,16.8471876,,
990,16.75531979,,
990.5,16.64016611,,
991,16.49092206,,
991.5,16.38246894,,
992,16.29689114,,
992.5,16.20103289,,
993,16.10153873,,
993.5,16.00935749,,
994,15.92203439,,
994.5,15.79629262,,
995,15.64949602,,
995.5,15.55152136,,
996,15.44619887,,
996.5,15.29689739,,
997,15.17998002,,
997.5,15.09298714,,
998,14.99579147,,
998.5,14.90779485,,
999,14.81037404,,
999.5,14.65777441,,
1000,14.54693212,,
1000.5,14.51152662,,
1001,14.40116215,,
1001.5,14.25033147,,
1002,14.15835123,,
1002.5,14.04369889,,
1003,13.89419764,,
1003.5,13.7868861,,
1004,13.70140849,,
1004.5,13.6052785,,
1005,13.50581323,,
1005.5,13.41400238,,
1006,13.32626737,,
1006.5,13.19908685,,
1007,13.05297774,,
1007.5,12.95610085,,
1008,12.84943781,,
1008.5,12.70004761,,
1009,12.58361066,,
1009.5,12.4978489,,
1010,12.40353743,,
1010.5,12.30403845,,
1011,12.20991455,,
1011.5,12.12344776,,
1012,12.00743643,,
1012.5,11.8589888,,
1013,11.74456761,,
1013.5,11.65798573,,
1014,11.56305028,,
1014.5,11.46567062,,
1015,11.37077088,,
1015.5,11.27563722,,
1016,11.17973563,,
1016.5,11.0841625,,
1017,10.99053107,,
1017.5,10.89275116,,
1018,10.79220839,,
1018.5,10.72090376,,
1019,10.67951459,,
1019.5,10.63753917,,
1020,10.57820186,,
1020.5,10.48303338,,
1021,10.33409402,,
1021.5,10.20812813,,
1022,10.16578321,,
1022.5,10.09459764,,
1023,9.994680416,,
1023.5,9.954437876,,
1024,9.87297119,,
1024.5,9.718126555,,
1025,9.632229963,,
1025.5,9.605207111,,
1026,9.562142806,,
1026.5,9.48904942,,
1027,9.386365326,,
1027.5,9.271859447,,
1028,9.22358698,,
1028.5,9.234220616,,
1029,9.165913385,,
1029.5,9.062789149,,
1030,9.014209277,,
1030.5,8.975471274,,
1031,8.924949111,,
1031.5,8.876266149,,
1032,8.82990519,,
1032.5,8.782237217,,
1033,8.731207749,,
1033.5,8.688265979,,
1034,8.648765491,,
1034.5,8.558235011,,
1035,8.466601389,,
1035.5,8.468427248,,
1036,8.441714186,,
1036.5,8.334917772,,
1037,8.265251292,,
1037.5,8.229883469,,
1038,8.182756909,,
1038.5,8.129828323,,
1039,8.084759644,,
1039.5,8.048458547,,
1040,7.969220115,,
1040.5,7.867146724,,
1041,7.854602222,,
1041.5,7.845724866,,
1042,7.745791944,,
1042.5,7.661552577,,
1043,7.626698262,,
1043.5,7.592515339,,
1044,7.509940148,,
1044.5,7.40874456,,
1045,7.397393935,,
1045.5,7.387509155,,
1046,7.287111626,,
1046.5,7.203535205,,
1047,7.168873112,,
1047.5,7.134256035,,
1048,7.05166418,,
1048.5,6.950966678,,
1049,6.937468989,,
1049.5,6.93167819,,
1050,6.837553998,,
1050.5,6.712955574,,
1051,6.634760366,,
1051.5,6.639192903,,
1052,6.610676047,,
1052.5,6.504130229,,
1053,6.401278114,,
1053.5,6.31032172,,
1054,6.214453876,,
1054.5,6.119760168,,
1055,6.023312937,,
1055.5,5.922005347,,
1056,5.845530807,,
1056.5,5.802387668,,
1057,5.764684773,,
1057.5,5.702502293,,
1058,5.606097397,,
1058.5,5.506197891,,
1059,5.41243183,,
1059.5,5.31737351,,
1060,5.221174944,,
1060.5,5.125822989,,
1061,5.032157606,,
1061.5,4.93357985,,
1062,4.834615123,,
1062.5,4.766293454,,
1063,4.727212221,,
1063.5,4.68821515,,
1064,4.613015737,,
1064.5,4.513335813,,
1065,4.449441144,,
1065.5,4.416422326,,
1066,4.374524741,,
1066.5,4.278292332,,
1067,4.192944065,,
1067.5,4.198982896,,
1068,4.164276204,,
1068.5,4.056415577,,
1069,3.991671065,,
1069.5,3.955867034,,
1070,3.907425781,,
1070.5,3.857431995,,
1071,3.81075036,,
1071.5,3.763877021,,
1072,3.713491605,,
1072.5,3.666169993,,
1073,3.630434832,,
1073.5,3.559093734,,
1074,3.452947128,,
1074.5,3.429188015,,
1075,3.429124581,,
1075.5,3.335478662,,
1076,3.246681505,,
1076.5,3.207828223,,
1077,3.164396177,,
1077.5,3.113414536,,
1078,3.065863759,,
1078.5,3.019288116,,
1079,2.970691576,,
1079.5,2.920941399,,
1080,2.880328577,,
1080.5,2.830994206,,
1081,2.737568725,,
1081.5,2.649950704,,
1082,2.605049158,,
1082.5,2.562789886,,
1083,2.512662599,,
1083.5,2.46452925,,
1084,2.418029784,,
1084.5,2.369992737,,
1085,2.31904464,,
1085.5,2.278034405,,
1086,2.235205178,,
1086.5,2.138258051,,
1087,2.056068158,,
1087.5,2.063549423,,
1088,2.025891376,,
1088.5,1.917160506,,
1089,1.846579896,,
1089.5,1.829727277,,
1090,1.8336154,,
1090.5,1.806187683,,
1091,1.747781077,,
1091.5,1.692445387,,
1092,1.675804641,,
1092.5,1.679107745,,
1093,1.643131781,,
1093.5,1.583028287,,
1094,1.533859351,,
1094.5,1.518128384,,
1095,1.526529432,,
1095.5,1.531932057,,
1096,1.508295637,,
1096.5,1.454401437,,
1097,1.395647957,,
1097.5,1.370868088,,
1098,1.376405415,,
1098.5,1.342628876,,
1099,1.292178409,,
1099.5,1.283866368,,
