,wave,Raw data,fit sum,fit 1,resi
0,2.3894504329714055,1.9718079782882452,0.7275409531045846,0.7275409531045846,6.042988192055448
1,2.3874925932615114,2.040807829419655,0.7292367543032692,0.7292367543032692,6.3698614200596495
2,2.3855380006122675,2.0832095589824964,0.7310060958533631,0.7310060958533631,6.5671993194063
3,2.3835866469538414,2.049789084774221,0.7328516709570297,0.7328516709570297,6.395923929751854
4,2.381638519668762,2.049789084774221,0.7347762536427862,0.7347762536427862,6.386576876258296
5,2.379693615329816,1.9606678202188204,0.7367826865430398,0.7367826865430398,5.944000171621736
6,2.3777519259469413,2.041764441301423,0.7388738952092566,0.7388738952092566,6.327702998006787
7,2.3758134435564644,1.9568143546344152,0.7410528850727691,0.7410528850727691,5.9045462559233
8,2.3738781602209933,2.009050709696299,0.7433227426332718,0.7433227426332718,6.147216798731138
9,2.371946063492107,2.027508768635371,0.745686642295803,0.745686642295803,6.225380739831194
10,2.370017150036602,2.1469048919417584,0.7481478309756384,0.7481478309756384,6.793294551645604
11,2.368091411995225,2.005228452496521,0.7507096453201855,0.7507096453201855,6.092777663507619
12,2.3661688415345736,2.057450521444185,0.7533755075790071,0.7533755075790071,6.333455561259937
13,2.3642494308469892,2.0651694446040167,0.7561489266729435,0.7561489266729435,6.357474218082862
14,2.3623331721504517,2.0539456976224733,0.7590334992339438,0.7590334992339438,6.288954835442507
15,2.3604200531952637,2.090995910380775,0.7620329178019619,0.7620329178019619,6.454328138003204
16,2.358510070758117,2.027508768635371,0.7651509508028957,0.7651509508028957,6.130849112701138
17,2.3566032171332263,2.127770191260197,0.7683914639476949,0.7683914639476949,6.60204717429386
18,2.3546994846400264,2.0163686105659457,0.7717584144882371,0.7717584144882371,6.044654858147707
19,2.3527988656230727,2.02012984230094,0.7752558520824739,0.7752558520824739,6.04593601793533
20,2.350901352451935,2.0164918273253205,0.7788879196188986,0.7788879196188986,6.010627662183422
21,2.3490069375210965,2.0446396658308696,0.7826588539983738,0.7826588539983738,6.129018120831951
22,2.3471156088071496,2.0221710980744865,0.7865729962449169,0.7865729962449169,6.000886134855247
23,2.345227367646654,2.0536126573667017,0.7906347550547791,0.7906347550547791,6.133860655329477
24,2.3433421976299296,2.1397218834396456,0.7948486727224439,0.7948486727224439,6.531598738603678
25,2.341460095692755,2.1794510723691687,0.7992193597549643,0.7992193597549643,6.703323139498107
26,2.3395810587668424,2.142900164208732,0.8037515223983024,0.8037515223983024,6.503796424785126
27,2.337705070558462,2.184532812935764,0.8084499967485764,0.8084499967485764,6.683173339164997
28,2.335832128054944,2.221026732695509,0.8133196852648124,0.8133196852648124,6.836761638235406
29,2.333962223846413,2.1345139368564023,0.8183655993683969,0.8183655993683969,6.392091650310712
30,2.332095350547013,2.1733300805617346,0.82359284928967,0.82359284928967,6.555221657305242
31,2.330231496415791,2.168216788490977,0.8290066572693353,0.8290066572693353,6.504095058260395
32,2.3283706628796548,2.224388207881935,0.8346123063876688,0.8346123063876688,6.749676068200405
33,2.3265128382381928,2.2433486094060164,0.8404152170417702,0.8404152170417702,6.813577594444446
34,2.32465801520065,2.3704338982984257,0.8464208965312232,0.8464208965312232,7.401620703448922
35,2.322806182148654,2.2991533011822853,0.8526349664095445,0.8526349664095445,7.025255061575805
36,2.3209573405476522,2.39960174637957,0.8590631034561997,0.8590631034561997,7.481880207519703
37,2.31911147881912,2.3816681821766172,0.8657111271683531,0.8657111271683531,7.362495668263724
38,2.317268585435446,2.3254967627856593,0.8725849580140876,0.8725849580140876,7.0563060039597305
39,2.315428661890342,2.2741546719280006,0.8796905662944589,0.8796905662944589,6.772445105458631
40,2.313591692378833,2.221026732695509,0.8870340862745978,0.8870340862745978,6.4787554821043924
41,2.311757678413175,2.2693253433947014,0.8946216819609404,0.8946216819609404,6.67647524645556
42,2.30992660856471,2.28535740430203,0.9024596660442338,0.9024596660442338,6.716271133102264
43,2.3080984714549,2.2879923628270316,0.9105544501042864,0.9105544501042864,6.689754589168196
44,2.3062732686233725,2.392902466054809,0.9189124841224502,0.9189124841224502,7.158675650598793
45,2.3044509844474295,2.4665673765110925,0.9275403904975644,0.9275403904975644,7.47453859621624
46,2.3026316204846538,2.464601122286503,0.9364448058170332,0.9364448058170332,7.421743395214444
47,2.3008151654535482,2.4219236230900774,0.9456325203427234,0.9456325203427234,7.169851423670058
48,2.2990016123843864,2.5075994488022038,0.9551103964207057,0.9551103964207057,7.539919343640856
49,2.2971909500739742,2.4107626847348236,0.964885410639764,0.964885410639764,7.02214164457832
50,2.2953831801151177,2.520614784156651,0.9749645599087364,0.9749645599087364,7.506705445962708
51,2.2935782913421416,2.4665673765110925,0.9853549980419045,0.9853549980419045,7.19375241154081
52,2.29177627687378,2.4963546082246153,0.9960639430643895,0.9960639430643895,7.286409260002717
53,2.2899771298506635,2.518844289379792,1.007098698316399,1.007098698316399,7.3420419984524825
54,2.288180843435232,2.565425713652769,1.0184666508212514,1.0184666508212514,7.513062036586696
55,2.2863874108116455,2.4888892532216,1.0301752695569404,1.0301752695569404,7.0844852434874745
56,2.2845968293948813,2.4626200864918504,1.0422320748501086,1.0422320748501086,6.898348834102717
57,2.2828090839873423,2.5750684922677345,1.0546447507276007,1.0546447507276007,7.3841888686969
58,2.281024172053621,2.485109767647027,1.067420972734567,1.067420972734567,6.8852396425122375
59,2.27924209105338,2.520614784156651,1.080568487056031,1.080568487056031,6.993822542317818
60,2.277462830075558,2.5863133328453225,1.0940951726691477,1.0940951726691477,7.247203807064087
61,2.275686378256489,2.6312926951556754,1.1080089816480918,1.1080089816480918,7.39807879463652
62,2.273912737289373,2.5863133328453225,1.1223178345185147,1.1223178345185147,7.110135791234507
63,2.2721418963461915,2.5878311784008283,1.137029814132059,1.137029814132059,7.046056301299172
64,2.2703738488028202,2.6312926951556754,1.1521530330361747,1.1521530330361747,7.183685922456773
65,2.2686085922064856,2.608803014000499,1.1676956259634048,1.1676956259634048,6.9989759055991945
66,2.2668461116673475,2.622820513484646,1.1836658942893097,1.1836658942893097,6.989491961386486
67,2.2650864089181977,2.608803014000499,1.2000720445889093,1.2000720445889093,6.84173448434873
68,2.2633294691363286,2.622820513484646,1.2169224863493875,1.2169224863493875,6.827975832565672
69,2.2615752940699907,2.6339814518398996,1.2342255199219392,1.2342255199219392,6.7981457333013005
70,2.2598238730815554,2.665027216888441,1.2519896082694386,1.2519896082694386,6.862650388532557
71,2.258075199691378,2.622820513484646,1.2702232161238527,1.2702232161238527,6.569112040360387
72,2.256329271545787,2.7782776287593305,1.288934801107276,1.288934801107276,7.233239280045516
73,2.254586073988013,2.788720463241913,1.3081329875025098,1.3081329875025098,7.190717468284384
74,2.2528456088041193,2.801395527168707,1.3278262515444985,1.3278262515444985,7.156632420969608
75,2.25110786548961,2.7748681179133228,1.3480232311525484,1.3480232311525484,6.929707713918834
76,2.2493728376656468,2.8310395373042816,1.3687325426019656,1.3687325426019656,7.101935294670239
77,2.247640523047411,2.7894803611333603,1.3899627706789859,1.3899627706789859,6.796988188641693
78,2.2459109071413463,2.8342912906294786,1.4117226658275834,1.4117226658275834,6.908939341856712
79,2.2441839917700994,2.864742388938856,1.4340207872084876,1.4340207872084876,6.948535620076488
80,2.2424597665599744,2.887210956695239,1.4568658539758421,1.4568658539758421,6.946707090483104
81,2.2407382252309866,2.853508105060664,1.4802665374791184,1.4802665374791184,6.669374346322561
82,2.239019361522683,2.923913149621715,1.504231507564189,1.504231507564189,6.8949182336204675
83,2.2373031732307815,2.9096795244516227,1.5287693697634477,1.5287693697634477,6.706618105417012
84,2.2355896500845884,2.9770852277207718,1.5538888334172567,1.5538888334172567,6.911988208063756
85,2.233878785881836,3.257942324675562,1.5795985372867778,1.5795985372867778,8.151153638346234
86,2.2321705784576986,3.24670804079737,1.605907038057854,1.605907038057854,7.9688209077179994
87,2.2304650136057282,3.1808674312473366,1.6328230548152434,1.6328230548152434,7.518333041234583
88,2.2287620932114427,3.214350246313098,1.6603550271948078,1.6603550271948078,7.547234291012667
89,2.2270618071308763,3.220357337912637,1.6885115505621635,1.6885115505621635,7.439661919548516
90,2.2253641532509585,3.276266319473621,1.7173010506169295,1.7173010506169295,7.571372157945736
91,2.2236691214778244,3.209991636721461,1.7467320436670128,1.7467320436670128,7.106561745807492
92,2.221976705742349,3.17632039577683,1.7768129320800734,1.7768129320800734,6.796939006371755
93,2.220286899994122,3.2212153837030044,1.807552064796491,1.807552064796491,6.865689253826379
94,2.2185997021708816,3.1979937452882443,1.838957657505458,1.838957657505458,6.60038308886019
95,2.216915102277879,3.2212153837030044,1.8710380085192015,1.8710380085192015,6.5573592888647125
96,2.2152330943204612,3.2212153837030044,1.903801275723804,1.903801275723804,6.398239073634909
97,2.213553672322405,3.265084523161424,1.9372555429503102,1.9372555429503102,6.448820619754343
98,2.2118768342713304,3.242720930537031,1.9714087334606796,1.9714087334606796,6.174337533548699
99,2.2102025742097484,3.27579789483525,2.006268762124554,2.006268762124554,6.1656777871363575
100,2.208530878331359,3.4440751839534998,2.0418436229952293,2.0418436229952293,6.810169034373908
101,2.2068617486060877,3.5759907402854623,2.078140883076817,2.078140883076817,7.274555073295247
102,2.2051951752093726,3.6005384125273237,2.1151682591393786,2.1151682591393786,7.213945331734581
103,2.2035311561899364,3.6330864655602655,2.152933189119638,2.152933189119638,7.188608707719012
104,2.2018696817711083,3.5209541672405043,2.1914431755257158,2.1914431755257158,6.456989586262242
105,2.2002107461216993,3.435911601313323,2.2307055175761734,2.2307055175761734,5.853282282347689
106,2.1985543473264206,3.404086198352413,2.2707272969272787,2.2707272969272787,5.504344582033821
107,2.1969004756798007,3.528860697819311,2.3115156540593804,2.3115156540593804,5.912237145409072
108,2.1952491254038966,3.4952525006972226,2.3530775045615706,2.3530775045615706,5.547161401219265
109,2.1936002946189173,3.447031056333755,2.3954195245992587,2.3954195245992587,5.107324987546696
110,2.1919539736898597,3.694270595589012,2.4385484436956144,2.4385484436956144,6.098621905755463
111,2.1903101607603404,3.7529153452999022,2.482470640345724,2.482470640345724,6.170124414865256
112,2.188668846241947,3.705431533944266,2.5271925429591438,2.5271925429591438,5.722312145089159
113,2.187030024444152,3.750075287365281,2.5727203187964873,2.5727203187964873,5.718018744303587
114,2.1853936935452665,3.7829820387286532,2.619059859117032,2.619059859117032,5.652780187457168
115,2.183759844026151,3.7605975296237504,2.6662171002964907,2.6662171002964907,5.315039198330471
116,2.1821284740879934,3.731952953257414,2.714197581844454,2.714197581844454,4.942896956496703
117,2.180499574257458,3.9770364307847657,2.763006885472635,2.763006885472635,5.896134879926407
118,2.1788731389297853,3.9136287092688304,2.812650295640395,2.812650295640395,5.347083398181773
119,2.1772491663400735,4.088438011479018,2.86313278453255,2.86313278453255,5.950897088997742
120,2.17562765090031,4.010456904993042,2.9144592407384797,2.9144592407384797,5.322893566702905
121,2.1740085794162893,4.088438011479018,2.9666345979846547,2.9666345979846547,5.44822344749778
122,2.1723919577853508,4.0772978534095925,3.019662968651718,3.019662968651718,5.13657839574618
123,2.1707777690522625,4.092537450263976,3.073548995951523,3.073548995951523,4.9488856271362405
124,2.1691660191137565,4.0399736753583895,3.1282963497153826,3.1282963497153826,4.4277114175007455
125,2.1675566910817925,4.233260066381544,3.183909245059388,3.183909245059388,5.096345474266248
126,2.1659497908523946,4.224745167537562,3.2403908896503384,3.2403908896503384,4.780679032455865
127,2.1643453016043104,4.325334338193219,3.2977450514019813,3.2977450514019813,4.990656989761136
128,2.16274322546062,4.368000820495999,3.355974595037945,3.355974595037945,4.915072413488381
129,2.161143556982888,4.334486747704469,3.4150824080448925,3.4150824080448925,4.465238936527527
130,2.15954628698801,4.350740881155189,3.475071274483672,3.475071274483672,4.2528339867214076
131,2.1579514138422566,4.406235025047475,3.5359434475815594,3.5359434475815594,4.226714700162979
132,2.156358928406056,4.414423643111292,3.597701210876665,3.597701210876665,3.9665473039857817
133,2.1547688290668527,4.50901909552254,3.660346300241417,3.660346300241417,4.121719515990166
134,2.153181106728317,4.542501910588302,3.723880481923075,3.723880481923075,3.9757700936077915
135,2.1515957560655172,4.788042554403885,3.788305110917791,3.788305110917791,4.855389915400535
136,2.1500127792251504,4.763499280471481,3.8536209616052473,3.8536209616052473,4.418974244137283
137,2.1484321634363632,4.863900904650037,3.9198291454470695,3.9198291454470695,4.58504033125402
138,2.1468539034217997,4.863900904650037,3.9869301942821505,3.9869301942821505,4.259153011588793
139,2.145277997631288,4.850484260874701,4.054924197032279,4.054924197032279,3.86376876873436
140,2.143704437096494,4.861634799405448,4.123811275991893,4.123811275991893,3.583361729891327
141,2.1421332202876657,4.852591455926385,4.193590942532872,4.193590942532872,3.2005447708522734
142,2.140564341973742,4.929834117460821,4.264262575762798,4.264262575762798,3.2324580544562913
143,2.1389977932494517,5.018460348785959,4.335825430035995,4.335825430035995,3.315329161665978
144,2.1374335726153446,5.104568414730044,4.408278127077066,4.408278127077066,3.3816487147594056
145,2.1358716712078287,5.271748602985395,4.481619327938392,4.481619327938392,3.837393246519241
146,2.1343120875474164,5.307746405264391,4.555847047275884,4.555847047275884,3.6517233439244623
147,2.1327548164801806,5.197168355154716,4.630959164280742,4.630959164280742,2.7498883964876013
148,2.1311998492045485,5.416228443887072,4.706953430814738,4.706953430814738,3.4447111770750602
149,2.1296471806130812,5.581219192781983,4.783827115092277,4.783827115092277,3.8726662463840515
150,2.128096812917935,5.536658560504282,4.861576804932188,4.861576804932188,3.2786459779339334
151,2.1265487337160303,5.559727510215732,4.940199503592216,4.940199503592216,3.0088400262162027
152,2.1250029379450903,5.60420533029746,5.019691538624733,5.019691538624733,2.83878771170559
153,2.123459424194112,5.53748860017487,5.100048730211962,5.100048730211962,2.1244989342459997
154,2.1219181874147726,5.581966420256596,5.181266764613766,5.181266764613766,1.9460640188973033
155,2.120379222573628,5.6820415154404795,5.263341008607683,5.263341008607683,2.0334881240019587
156,2.1188425210315027,5.770997155603931,5.346266704935373,5.346266704935373,2.0627735415696904
157,2.1173080814155907,5.8265944307060895,5.430038385813763,5.430038385813763,1.925939889324657
158,2.11577589512664,5.893311160828677,5.514650654234341,5.514650654234341,1.8390272536632946
159,2.114245960810671,5.860181595025357,5.600097393335161,5.600097393335161,1.2631418561639018
160,2.112718273507754,5.915675738917642,5.6863723595634665,5.6863723595634665,1.1136497116695343
161,2.1111928246780503,6.221556476749654,5.773469192253922,5.773469192253922,2.1762098604342697
162,2.1096696165847986,6.266075664418704,5.861380590099393,5.861380590099393,1.9654684292012115
163,2.108148633543704,6.444152415094901,5.950099963857889,5.950099963857889,2.3994472799282187
164,2.106629881420539,6.444152415094901,6.0396191515508075,6.0396191515508075,1.9646825684621672
165,2.1051133481645135,6.459518349062041,6.12993071541811,6.12993071541811,1.6006967459929133
166,2.1035990324862683,6.392925376391298,6.221026263188621,6.221026263188621,0.834856417701213
167,2.1020869295265796,6.378891285139292,6.312897291408049,6.312897291408049,0.32051072381799606
168,2.1005770308820026,6.3348229515632,6.4055351956093585,6.4055351956093585,-0.34342568528777373
169,2.099069335290253,6.612567396558553,6.498930616866403,6.498930616866403,0.5518957779673594
170,2.0975638379344774,7.010648376953383,6.5930740940348596,6.5930740940348596,2.028018431662759
171,2.096060530468734,6.92800595493035,6.687956074122004,6.687956074122004,1.1658418698470507
172,2.094559415195498,6.92800595493035,6.783566017032051,6.783566017032051,0.7014964003018598
173,2.0930604802586688,7.207426537779081,6.879893968179141,6.879893968179141,1.590715988245256
174,2.0915637209123705,7.229501351064775,6.976929215928698,6.976929215928698,1.2266582649686941
175,2.0900691394702786,7.2895075264926295,7.074660276890638,7.074660276890638,1.04344113133496
176,2.088576724148088,7.4778476973851395,7.173076279859267,7.173076279859267,1.4801726961405193
177,2.0870864737539763,7.488844532234235,7.272165358732782,7.272165358732782,1.0523381721382008
178,2.0855983835818654,7.582698363635878,7.371915575661997,7.371915575661997,1.0237014025399227
179,2.0841124454364657,7.448051012104817,7.4723149317626305,7.4723149317626305,-0.11784173092870276
180,2.0826286616495806,7.578651137938307,7.573350421185596,7.573350421185596,0.02574380586942704
181,2.081147020555155,7.6428002201215754,7.675009695918624,7.675009695918624,-0.15643063584774297
182,2.079667521004147,7.673272673195086,7.777279404420482,7.777279404420482,-0.5051258580099249
183,2.078190158358107,7.651095584544233,7.880146147013152,7.880146147013152,-1.1124218647352024
184,2.07671492451395,7.716592401334364,7.983596486651598,7.983596486651598,-1.2967494132253843
185,2.0752418183478345,7.711958375816069,8.087616221120884,8.087616221120884,-1.824444333478109
186,2.073770838729458,7.839983752775944,8.192190868401273,8.192190868401273,-1.7105519939079106
187,2.0723019706690957,8.105371073039164,8.297306665663635,8.297306665663635,-0.9321668873235933
188,2.070835219999213,8.227006928159806,8.40294809970305,8.40294809970305,-0.8544873412323073
189,2.069370578692757,8.221518788903897,8.509100385112022,8.509100385112022,-1.3966874914825012
190,2.067908038755358,8.278888306287211,8.615748484125545,8.615748484125545,-1.6360170573115396
191,2.0664476025563197,8.289956338782249,8.72287635088894,8.72287635088894,-2.102547498499435
192,2.0649892586835943,8.754291628080962,8.830468700625703,8.830468700625703,-0.36996652694005205
193,2.0635330060789654,8.80846471412573,8.938509247925282,8.938509247925282,-0.6315827441268518
194,2.0620788402485455,8.840962720920436,9.04698172186147,9.04698172186147,-1.0005652844830293
195,2.0606267532869738,8.796813094349046,9.155869876410241,9.155869876410241,-1.7438185295901076
196,2.059176747579548,8.973417236862167,9.26515646692844,9.26515646692844,-1.4168797265921351
197,2.0577288118269594,9.226344438391369,9.374825056697187,9.374825056697187,-0.7211206316736662
198,2.0562829484207406,9.318014128036758,9.48485795939602,9.48485795939602,-0.8103046069813602
199,2.0548391461062234,9.406232013272609,9.595238315136617,9.595238315136617,-0.9179403032236466
200,2.0533974038807203,9.378815561498502,9.705948280655322,9.705948280655322,-1.5887740485671542
201,2.051957717339419,9.378815561498502,9.816970073138526,9.816970073138526,-2.1279697095128447
202,2.050520082090058,9.650965053164109,9.928285716981284,9.928285716981284,-1.3468535796106962
203,2.0490844937528796,9.706050470134224,10.039877049907004,10.039877049907004,-1.621283887566971
204,2.0476509479605842,9.639947969770086,10.151725729186174,10.151725729186174,-2.4855331649181354
205,2.0462194403582896,9.558530149747599,10.26381323795075,10.26381323795075,-3.425323735022995
206,2.044789963231576,9.77866867175625,10.376121156950685,10.376121156950685,-2.9016266125120813
207,2.043362518998781,9.822716728836232,10.488630110108593,10.488630110108593,-3.234118254774626
208,2.0419370966028736,10.427827569370763,10.601321627998196,10.601321627998196,-0.8426025334253406
209,2.04051369846789,10.417365499416004,10.714176030048595,10.714176030048595,-1.4415093348838948
210,2.0390923135800225,10.446993106641003,10.82717455922651,10.82717455922651,-1.8464139789235334
211,2.037672941020436,10.732910812717494,10.94029752496049,10.94029752496049,-1.0072078001815088
212,2.0362555798637216,10.798891821812068,11.053525107900851,11.053525107900851,-1.2366685847932546
213,2.034840219160431,10.798891821812068,11.166838170143967,11.166838170143967,-1.7869921755351403
214,2.033426858013905,10.754904482415684,11.280216658298192,11.280216658298192,-2.551265292538296
215,2.0320154921909905,10.787894986962971,11.393640679585618,11.393640679585618,-2.9419039433009053
216,2.0306061174704753,10.864872830906643,11.507090241759967,11.507090241759967,-3.1190348630722675
217,2.0291987329637293,10.931804770736022,11.620544992391661,11.620544992391661,-3.344980572995848
218,2.0277933278273292,10.964764986125173,11.73398529761207,11.73398529761207,-3.7358454136630415
219,2.0263899012009254,11.142066826343875,11.847390642009135,11.847390642009135,-3.4255215346653767
220,2.0249884489106487,11.102161398386801,11.960740707455633,11.960740707455633,-4.16983213541341
221,2.0235889667943625,11.320492989308862,12.07401511253895,12.07401511253895,-3.659604571181052
222,2.02219145399941,11.64623689589724,12.187193152764602,12.187193152764602,-2.6272433541228435
223,2.020795899786867,11.657213556496579,12.300254876728932,12.300254876728932,-3.123036314969674
224,2.0194023033318955,11.79991014428797,12.413179489879143,12.413179489879143,-2.9784438058301888
225,2.0180106605188772,12.05781982924145,12.525946431208359,12.525946431208359,-2.2735341135119436
226,2.016620970523367,12.222394258211988,12.6385348476135,12.6385348476135,-2.0210554624455646
227,2.0152332226889578,12.266280772604132,12.750924664454137,12.750924664454137,-2.353753058246555
228,2.013847416218661,12.408911944378598,12.86309499754729,12.86309499754729,-2.2058149671891902
229,2.0124635503088655,12.458058971187638,12.97502496054679,12.97502496054679,-2.510730660028937
230,2.011081614364432,12.490958774808734,13.086694463098455,13.086694463098455,-2.8932887049622047
231,2.0097016108661157,12.433132897769966,13.19808236929293,13.19808236929293,-3.7151033744143525
232,2.0083235325120428,12.749137151963943,13.309168352755266,13.309168352755266,-2.719883967884673
233,2.006947372029469,12.87395827658965,13.419932109586753,13.419932109586753,-2.6516120408203725
234,2.0055731319060754,12.928741077766627,13.530352584008007,13.530352584008007,-2.9218255847330843
235,2.004200804887043,12.812975922518268,13.640409545477999,13.640409545477999,-4.018567969779041
236,2.0028303869813957,13.019636824494368,13.75008254866379,13.75008254866379,-3.5475302300498335
237,2.001461874209251,13.376668988599523,13.859351202690565,13.859351202690565,-2.344225846406889
238,2.0000952626017816,13.321936300430131,13.968195178344759,13.968195178344759,-3.1386629149580236
239,1.998730551422889,13.23717461604816,14.076593959698478,14.076593959698478,-4.07677860072927
240,1.997367730277923,13.248051505625849,14.184527874487095,14.184527874487095,-4.5481520643305355
241,1.996006801670042,13.484745623156508,14.291976311398809,14.291976311398809,-3.920449082537558
242,1.9946477552440063,14.228429891100257,14.398919766722424,14.398919766722424,-0.8280122227764419
243,1.9932905935072094,14.396584379738737,14.50533782079057,14.50533782079057,-0.5281790377950624
244,1.991935309343441,14.35315576924179,14.611210916408181,14.611210916408181,-1.2532874179442821
245,1.990581898860219,14.469033624846764,14.716519353826152,14.716519353826152,-1.201955293883905
246,1.9892303613669722,14.451284648284872,14.821243304030977,14.821243304030977,-1.7967652786526456
247,1.9878806866060377,14.396584379738737,14.925363803814317,14.925363803814317,-2.5681045557073734
248,1.9865328770950852,14.63544173747196,15.028861033915948,15.028861033915948,-1.9107057527196547
249,1.9851869226150878,14.748298966785221,15.131716293472833,15.131716293472833,-1.8621295356281764
250,1.9838428256876806,14.704632648600807,15.233910050311595,15.233910050311595,-2.5705230662911527
251,1.9825005793018577,14.618539592414729,15.335423652351373,15.335423652351373,-3.481665769154707
252,1.9811601828049732,14.93388081906897,15.436238122796633,15.436238122796633,-2.439781166884969
253,1.9798216260546444,14.970718584931332,15.53633536143715,15.53633536143715,-2.7470112383220946
254,1.9784849115802408,15.036188199734237,15.635696487378008,15.635696487378008,-2.911610956447175
255,1.9771500324298845,14.977407266609383,15.734303505070416,15.734303505070416,-3.675991518746613
256,1.9758169848274034,15.172482035639028,15.832138362327989,15.832138362327989,-3.2037298363730704
257,1.974485765006978,15.22268769341336,15.92918319354926,15.92918319354926,-3.431212013700502
258,1.973156369213105,15.39703486814107,16.025420325443818,16.025420325443818,-3.0518576974901124
259,1.9718287968361359,15.580014015780609,16.12083205813702,16.12083205813702,-2.626572092536106
260,1.970503040997093,15.642673024168039,16.215401348248708,16.215401348248708,-2.78154964298305
261,1.9691790979712385,15.716780025313144,16.30911113284464,16.30911113284464,-2.876753796534648
262,1.9678569671669635,15.836589159255237,16.401944344760043,16.401944344760043,-2.745740778446304
263,1.9665366386297538,15.740034059588172,16.493884793421955,16.493884793421955,-3.6612005228198297
264,1.9652181149070291,15.988845594550732,16.58491563921799,16.58491563921799,-2.894912561900065
265,1.963901389191622,16.093668444945685,16.675020924932436,16.675020924932436,-2.8234342796824796
266,1.9625864609156018,16.310418188311957,16.764184499500285,16.764184499500285,-2.2037909909722875
267,1.961273320198148,16.451305521500032,16.852391081969156,16.852391081969156,-1.9479382293853709
268,1.9599619695934123,16.765592649381126,16.939624796342724,16.939624796342724,-0.8452158482394445
269,1.9586524054447125,16.841455059559323,17.025870438562638,17.025870438562638,-0.8956437285525309
270,1.9573446179259675,16.798105110886066,17.111113457723558,17.111113457723558,-1.5201767029666025
271,1.9560386095962052,16.89564249540089,17.195338748638864,17.195338748638864,-1.4555243230471637
272,1.9547343737470093,17.024015314804178,17.278532072490062,17.278532072490062,-1.2361026453698853
273,1.9534319067735713,17.01315816217994,17.36067925228511,17.36067925228511,-1.6877935374730257
274,1.9521312081540898,16.951638055927607,17.441766188942726,17.441766188942726,-2.3803881807181737
275,1.9508322712218447,17.16799591241679,17.521779441453617,17.521779441453617,-1.7182081058506604
276,1.949535092401258,17.25504501972612,17.600705648974042,17.600705648974042,-1.6787579022238819
277,1.9482396711874208,17.244192790153964,17.67853154700417,17.67853154700417,-2.109437866530628
278,1.9469460009549362,17.232903269363543,17.755244524104477,17.755244524104477,-2.536836523620789
279,1.9456540781571627,17.222085376539084,17.83083206644473,17.83083206644473,-2.956478781963756
280,1.944363902305862,17.22601172590521,17.905281774040418,17.905281774040418,-3.298987112104901
281,1.9430754668165944,17.247530791146815,17.978581893194722,17.978581893194722,-3.5504703476430532
282,1.941788768171361,17.57974506815405,18.050720784333237,18.050720784333237,-2.287371306971331
283,1.9405038058983775,17.558148329741083,18.121686938263384,18.121686938263384,-2.7369182724784835
284,1.939220573453797,17.881853827717425,18.19146948356995,18.19146948356995,-1.5036995391854324
285,1.9379390673479757,18.20512919439826,18.260057678513352,18.260057678513352,-0.26676924984490036
286,1.9366592871253685,18.292437435781917,18.327440927278438,18.327440927278438,-0.17000023428489497
287,1.9353812262823615,18.249243958955986,18.393609261610486,18.393609261610486,-0.7011339219207269
288,1.934104884374125,18.28223887333609,18.458552705353956,18.458552705353956,-0.856297228340297
289,1.9328302549236789,18.129489499837668,18.52226190217188,18.52226190217188,-1.907564004696305
290,1.9315573344880144,18.270262504987745,18.584727649130922,18.584727649130922,-1.527251879547109
291,1.9302861226381884,18.487778837000814,18.645940912862194,18.645940912862194,-0.7681402283567063
292,1.9290166129368647,18.421167328037793,18.705893266843074,18.705893266843074,-1.382818519938056
293,1.9277488049655849,18.39799497228787,18.76457631354647,18.76457631354647,-1.7803627933695387
294,1.9264826923132554,18.43194624396994,18.821982252756737,18.821982252756737,-1.8942742577519822
295,1.9252182715827257,18.563504086772028,18.878103458592303,18.878103458592303,-1.5279037784171612
296,1.9239555423710812,19.11311349547461,18.932932495496093,18.932932495496093,0.8750787678731609
297,1.9226944983062928,19.080718387855164,18.986462509634343,18.986462509634343,0.45776923087402777
298,1.9214351389957036,19.14550860309406,19.03868671071101,19.03868671071101,0.5187981528551155
299,1.9201774580931452,19.156306972300545,19.089598878928346,19.089598878928346,0.32397886659676356
300,1.9189214552161282,19.07665133668328,19.13919287116102,19.13919287116102,-0.30374328557506436
301,1.9176671240441943,19.43171591316977,19.187463102913853,19.187463102913853,1.1862540904634344
302,1.916414461243124,19.410196847928166,19.234404188587728,19.234404188587728,0.8537660672053082
303,1.9151634664455037,19.43171591316977,19.280010957106704,19.280010957106704,0.736780160215289
304,1.9139141363232328,19.31674669140708,19.32427867390913,19.32427867390913,-0.036580316283763015
305,1.9126664616565865,19.306044892686078,19.367203124820783,19.367203124820783,-0.29702504941209185
306,1.911420447997368,19.47201686208868,19.40877990624183,19.40877990624183,0.30712071424350285
307,1.9101760861472654,19.57451133277743,19.449005440242274,19.449005440242274,0.609540083657989
308,1.9089333728248543,19.39976781242609,19.487876261331742,19.487876261331742,-0.4279132256828633
309,1.9076923076923078,19.25021013105276,19.525389134827744,19.525389134827744,-1.3364522541038593
310,1.9064528845430084,19.271575514106093,19.561541323885972,19.561541323885972,-1.4082668182426317
311,1.9052151030488211,19.399437315307363,19.59633023342322,19.59633023342322,-0.9562429568507058
312,1.9039789599515238,19.228844747999428,19.629753673697913,19.629753673697913,-1.9470803734656372
313,1.9027444490818044,19.517277419219422,19.661809842934815,19.661809842934815,-0.7019455729387003
314,1.9015115672099927,19.54932549379942,19.69249716775891,19.69249716775891,-0.6953368671377413
315,1.900280314027084,19.741858083745072,19.721814317914603,19.721814317914603,0.09734585726882683
316,1.8990506863091074,19.741858083745072,19.749760349963257,19.749760349963257,-0.03837866027183168
317,1.8978226779359746,19.60273895143275,19.776334689399057,19.776334689399057,-0.8430963559182048
318,1.896596285711952,19.997998537919408,19.801536996582087,19.801536996582087,0.9541479043207901
319,1.8953715093468342,20.289202105894603,19.82536718108889,19.82536718108889,2.2526908749752605
320,1.8941483456504529,20.32150975256004,19.84782551903903,19.84782551903903,2.3005256685218245
321,1.8929267914410326,20.119381595482167,19.868912586497032,19.868912586497032,1.2164440856652803
322,1.8917068377732993,20.07657440059816,19.888629347402222,19.888629347402222,0.9127861738927434
323,1.890488490151122,20.039501140432268,19.90697682622433,19.90697682622433,0.6436262070037668
324,1.8892717396495542,20.01801105878033,19.923956572332436,19.923956572332436,0.4567911384862011
325,1.8880565860060012,20.07657440059816,19.939570293885296,19.939570293885296,0.6653830587584286
326,1.8868430232090854,20.051411995552737,19.95382006438334,19.95382006438334,0.4739713226825426
327,1.8856310510052494,20.101826978506317,19.966708172190028,19.966708172190028,0.6562267861863758
328,1.8844206634068905,20.080385029729246,19.97823725278191,19.97823725278191,0.496097539711271
329,1.8832118601694112,20.030046612499405,19.98841016390607,19.98841016390607,0.2022142852909692
330,1.8820046381852535,20.12375118204181,19.997230072631876,19.997230072631876,0.614470651986565
331,1.8807989915022332,20.051411995552737,20.004700436381192,20.004700436381192,0.22686239753439974
332,1.8795949198890571,20.030046612499405,20.01082494527179,20.01082494527179,0.09335319970482647
333,1.878392417416981,20.51075709647476,20.01560758980287,20.01560758980287,2.404775310732543
334,1.8771914838634765,20.500040922443162,20.01905259967448,20.01905259967448,2.3359991835985916
335,1.8759921161612865,20.175630413242338,20.0211644824594,20.0211644824594,0.7501892896810913
336,1.874794311251144,20.51686729126758,20.021948004219357,20.021948004219357,2.40365721112914
337,1.8735980632508031,20.59026073920622,20.021408183309518,20.021408183309518,2.762726335046073
338,1.8724033719550606,20.59026073920622,20.0195502892561,20.0195502892561,2.7717495041887585
339,1.8712102315047114,20.558155343043214,20.016379834200098,20.016379834200098,2.6312221865724683
340,1.870018641703092,20.503147066786862,20.011902586937282,20.011902586937282,2.3858099033889135
341,1.868828599530457,20.029589896980752,20.006124554553576,20.006124554553576,0.11396330879139827
342,1.8676400991619293,20.018964119847077,19.99905196334944,19.99905196334944,0.09670667481991302
343,1.8664531432229186,20.054579182312338,19.990691325221395,19.990691325221395,0.3102819235760945
344,1.8652677202889114,20.075868544501628,19.98104928470371,19.98104928470371,0.4605053864974784
345,1.8640838357995115,20.094142761659405,19.970132840548587,19.970132840548587,0.6022746515039978
346,1.8629014811657754,20.115508144712738,19.957949098330886,19.957949098330886,0.7652115161506545
347,1.8617206562203779,20.265065826086065,19.944505458297545,19.944505458297545,1.5568543392854406
348,1.860541357997854,20.253554968478994,19.929809511038677,19.929809511038677,1.572323252924468
349,1.8593635807523072,20.07893779296392,19.91386901866655,19.91386901866655,0.8016837493614704
350,1.8581873243287124,19.91983369000858,19.896692022678906,19.896692022678906,0.11239132725313628
351,1.8570125857844906,19.93395790277766,19.87828673400777,19.87828673400777,0.27037622046176546
352,1.855839362184649,19.873994954366445,19.858661562308654,19.858661562308654,0.07446914952656813
353,1.854667647827732,20.011641163427054,19.83782506110192,19.83782506110192,0.8441665918011765
354,1.8534974425748714,19.97125574286981,19.815786070368667,19.815786070368667,0.7550641270176461
355,1.8523287435136677,20.17501369404845,19.792553571484213,19.792553571484213,1.8574807158026285
356,1.8511615477392112,20.12183759047953,19.768136728125718,19.768136728125718,1.7178066214592613
357,1.8499958495939886,20.06458201306575,19.742544820092927,19.742544820092927,1.5640267845643319
358,1.848831648955011,19.503409006895573,19.715787419681302,19.715787419681302,-1.0314508178195791
359,1.8476689429396722,20.044201036660972,19.68787421250774,19.68787421250774,1.7305600383910935
360,1.8465077286727605,19.650081300715804,19.658815049749798,19.658815049749798,-0.04241689381506708
361,1.8453480005402167,19.930440630205602,19.628619871039863,19.628619871039863,1.4658423367657436
362,1.8441897584346552,19.852084093817577,19.5972989135762,19.5972989135762,1.2374062838176547
363,1.8430329995028834,19.84141093032628,19.564862499931294,19.564862499931294,1.343103100527543
364,1.8418777208990094,19.627498315136226,19.531321101305995,19.531321101305995,0.4671005144053275
365,1.8407239197844165,19.690915110984808,19.496685333280666,19.496685333280666,0.943308975851398
366,1.8395715905986902,19.693996065594877,19.460965865640517,19.460965865640517,1.1317496310799258
367,1.8384207359792135,19.69839585015053,19.424173759286834,19.424173759286834,1.331804848597895
368,1.8372713476543578,19.78928959494453,19.386319863105065,19.386319863105065,1.9570890186551337
369,1.8361234255434122,19.662231555811662,19.347415413688847,19.347415413688847,1.5289565591725118
370,1.834976966843776,19.603438398275138,19.307471684845616,19.307471684845616,1.4374111973529669
371,1.8338319660479383,19.497930118413596,19.266499970967534,19.266499970967534,1.1239787119615818
372,1.8326884257950289,19.286913558690504,19.224511973671483,19.224511973671483,0.30306359792812154
373,1.8315463378830659,19.333998288051745,19.181519111818524,19.181519111818524,0.7405402882678547
374,1.8304057022498943,19.221366494756342,19.137533207893465,19.137533207893465,0.40715019554488086
375,1.8292665161283588,19.326689050891993,19.0925660881201,19.0925660881201,1.1370568140795623
376,1.8281287767583303,19.363261665767133,19.046629676598595,19.046629676598595,1.5377755200818521
377,1.8269924813866818,19.38440059771666,18.999735991142394,18.999735991142394,1.8681871562792773
378,1.8258576272672682,19.221366494756342,18.951897139132978,18.951897139132978,1.3087224053955904
379,1.8247242089757276,19.17923747230208,18.903125196678776,18.903125196678776,1.340984842885229
380,1.8235922291534936,19.042318149325734,18.853432669197712,18.853432669197712,0.9173535125194587
381,1.8224616797081974,19.07391491616643,18.80283167255924,18.80283167255924,1.316560518784582
382,1.8213325606065558,19.050912300105423,18.75133474817024,18.75133474817024,1.4549478305767805
383,1.82020486913698,18.87217857543556,18.698954389879653,18.698954389879653,0.8412918503070133
384,1.8190786052633183,18.89320607245554,18.645703283959737,18.645703283959737,1.2020381462413021
385,1.8179537609471879,18.809096084375607,18.5915937980421,18.5915937980421,1.0563357554737363
386,1.816830333507383,18.788068587355625,18.536638603428386,18.536638603428386,1.2211112190944173
387,1.8157083255868602,18.71447234778568,18.480850691397944,18.480850691397944,1.1346221368770393
388,1.814587731842777,18.746013593315656,18.424242712701506,18.424242712701506,1.5627333946357513
389,1.8134685496043215,18.629283853238316,18.366827492920383,18.366827492920383,1.274662636098567
390,1.8123507762074023,18.449444088613074,18.30861789933863,18.30861789933863,0.6839456336086847
391,1.8112344063490078,18.406321853002424,18.249626696344695,18.249626696344695,0.7610158931079636
392,1.8101194426729237,18.146729928246113,18.18986710307835,18.18986710307835,-0.2095028099867502
393,1.8090058772470994,18.34649114993596,18.129351805950805,18.129351805950805,1.0545730660501018
394,1.807893712715591,17.988955056782068,18.068094088513092,18.068094088513092,-0.38435177064239934
395,1.8067829411726017,17.800039542766854,18.006106679891218,18.006106679891218,-1.0007990658029264
396,1.805673565262424,17.88377003183357,17.94340291321263,17.94340291321263,-0.2896169316861097
397,1.8045655771053835,18.152878522840602,17.879995546131344,17.879995546131344,1.3253012196667302
398,1.8034589793459748,18.131758245327116,17.815897946831182,17.815897946831182,1.5340276769516659
399,1.8023537641305154,18.131437825596976,17.751122887630586,17.751122887630586,1.8470622727094765
400,1.801249934103668,18.041431588452962,17.685683757578065,17.685683757578065,1.727748061963652
401,1.8001474814376124,17.884001993440283,17.619593330128655,17.619593330128655,1.284144317843261
402,1.7990464061670102,17.664101862300118,17.552864842317593,17.552864842317593,0.5402409488225457
403,1.7979467083201814,17.600015005726533,17.485511532638146,17.485511532638146,0.5561050175064475
404,1.7968483801078567,17.52641876615659,17.41754615164811,17.41754615164811,0.528757823358561
405,1.795751424174974,17.61490267823985,17.3489820807356,17.3489820807356,1.2914872758163276
406,1.794655832757806,17.47786274118592,17.279832039317682,17.279832039317682,0.9617687914518003
407,1.7935616085013433,17.30788628500581,17.21010938273537,17.21010938273537,0.4748696653668949
408,1.792468746258357,17.360270928725562,17.139826954387665,17.139826954387665,1.0706225488351762
409,1.7913772409006061,17.25671541103332,17.06899756882212,17.06899756882212,0.9116826862408889
410,1.7902870950730994,17.19396371862956,16.997634518855218,16.997634518855218,0.9535051656752946
411,1.7891983036570482,17.264778919723746,16.925750564368286,16.925750564368286,1.6465471693124734
412,1.788110864131022,17.338246064062997,16.853358600301334,16.853358600301334,2.3549360054405777
413,1.7870247739798448,17.146512138884013,16.78047148642355,16.78047148642355,1.7777368489728662
414,1.7859400306945767,17.146512138884013,16.70710204454466,16.70710204454466,2.1340676541442116
415,1.784856631772494,16.869746641210146,16.633263055776442,16.633263055776442,1.1485215676915184
416,1.783774574717069,16.806994948806388,16.55896725784448,16.55896725784448,1.2045874217106678
417,1.7826938570379531,16.843025113007112,16.48422734245083,16.48422734245083,1.7425605974629166
418,1.7816144788107533,16.83251136449712,16.409056131571596,16.409056131571596,2.0565802361075303
419,1.7805364324347248,16.71502591284634,16.333465860367216,16.333465860367216,1.8531093768647033
420,1.7794597205544491,16.537539691410746,16.257469425846573,16.257469425846573,1.3602074743564896
421,1.7783843381443156,16.43830119925794,16.181079131288346,16.181079131288346,1.2492414313132638
422,1.7773102827445961,16.40687041302609,16.10430740041132,16.10430740041132,1.469447213160624
423,1.7762375519016254,16.213888346439955,16.02716659615965,16.02716659615965,0.9068450013591467
424,1.7751661431677852,16.203447980473154,15.94966901842474,15.94966901842474,1.2325194190726751
425,1.7740960541014827,16.022863896826973,15.871826901818329,15.871826901818329,0.7335360970978533
426,1.7730272822671342,16.00186407520597,15.793652413497686,15.793652413497686,1.0112143034295085
427,1.7719598277672768,15.893824668788344,15.715157837726077,15.715157837726077,0.8677249565959388
428,1.7708936856400646,15.84171376823494,15.636355015194466,15.636355015194466,0.9973586815704816
429,1.7698288509418014,15.858407870943818,15.557255709978747,15.557255709978747,1.4625951792423986
430,1.768765326315892,15.669492356928604,15.477872174152186,15.477872174152186,0.9306350473335723
431,1.7677031093474298,15.70097827593114,15.39821620869785,15.39821620869785,1.4704139547722983
432,1.7666421925935303,15.467011493456964,15.318299154982945,15.318299154982945,0.7222460189192925
433,1.7655825786971164,15.435553164995696,15.23813303070293,15.23813303070293,0.9588034692385228
434,1.7645242602391413,15.37714540781276,15.157729010552497,15.157729010552497,1.0656319511411882
435,1.763467239862162,15.387613171875259,15.077098946853376,15.077098946853376,1.5080635886782545
436,1.762411512675769,15.324806587500257,14.996254033180728,14.996254033180728,1.5956697123991614
437,1.7613570788112165,15.355422558270615,14.915205758384207,14.915205758384207,2.1379855527918767
438,1.7603039308968047,15.20868131880591,14.833964944243847,14.833964944243847,1.8198719254125861
439,1.759252071574291,15.240125870119776,14.752543092067484,14.752543092067484,2.3680262441935884
440,1.7582014959884293,15.187718284596667,14.670951032198506,14.670951032198506,2.5097654611734854
441,1.7571522017916308,14.670067172438165,14.589199693713088,14.589199693713088,0.39274625877415703
442,1.756104189129045,14.691039391412344,14.507300105039588,14.507300105039588,0.892360173093365
443,1.7550574506875067,14.670067172438165,14.425262614402033,14.425262614402033,1.1889337446319703
444,1.7540119891076196,14.691039391412344,14.343098250668948,14.343098250668948,1.6898335827330135
445,1.7529677995775708,14.510546310371096,14.260817359358928,14.260817359358928,1.212849871962307
446,1.7519248822534113,14.510546310371096,14.178430576146585,14.178430576146585,1.6129748837620306
447,1.750883232340553,14.290530806748139,14.095948044235858,14.095948044235858,0.945023304837389
448,1.7498428475311194,14.162884776562736,14.013379999636292,14.013379999636292,0.7260946270669089
449,1.748803725522835,14.037271607812736,13.930736574880807,13.930736574880807,0.5174049725804264
450,1.7477658640190066,14.058207135937735,13.848027798043617,13.848027798043617,1.0207706476193956
451,1.7467292631890416,14.005868315625234,13.765263788434714,13.765263788434714,1.1685356015544879
452,1.7456939182809958,13.848851854687732,13.682454166021248,13.682454166021248,0.8081378413515861
453,1.7446598270148395,13.775577506250233,13.599608639996895,13.599608639996895,0.8546218451632948
454,1.7436269895678613,13.796513034375232,13.516737008491289,13.516737008491289,1.3587784507809508
455,1.7425954012134437,13.859319618750233,13.43384856727717,13.43384856727717,2.0663703916236287
456,1.7415650596880694,13.659107710276237,13.350952699457626,13.350952699457626,1.4966056754776802
457,1.740535965176805,13.64874419911518,13.268058874966034,13.268058874966034,1.848861114343625
458,1.7395081129781622,13.389656420088695,13.185176059164492,13.185176059164492,0.9930926252665118
459,1.7384815008449874,13.172022685706448,13.102313303030144,13.102313303030144,0.33855512350831063
460,1.7374561265355444,13.16165917454539,13.019479545708789,13.019479545708789,0.690518836247056
461,1.736431990245106,13.058024062934797,12.936683810659737,12.936683810659737,0.5893089641357152
462,1.7354090897341274,13.172022685706448,12.853934811547788,12.853934811547788,1.5448462658512296
463,1.7343874179166887,13.016570018290558,12.771240755899521,12.771240755899521,1.1914820579416063
464,1.7333669774272147,12.976865839685232,12.688610523728787,12.688610523728787,1.399959522647387
465,1.732347763622092,12.914576883654739,12.606052291616333,12.606052291616333,1.4984006076763312
466,1.731329776709114,12.852287927624252,12.523574514289658,12.523574514289658,1.5964509507579216
467,1.7303130120610186,12.395502250067333,12.441185139781542,12.441185139781542,-0.22186649451808593
468,1.729297467478863,12.421653373566107,12.358892197608915,12.358892197608915,0.30481001067503843
469,1.7282831431778192,12.171677442754167,12.276703797506334,12.276703797506334,-0.5100778279712892
470,1.7272700345549843,12.161327376901484,12.194627543215345,12.194627543215345,-0.16172775437687248
471,1.726258141830399,12.162513554700928,12.112671313508562,12.112671313508562,0.24206707153280327
472,1.7252474604173031,12.131274221940565,12.030842481999864,12.030842481999864,0.48776332273183787
473,1.7242379881429855,11.87111262050541,11.949148502094513,11.949148502094513,-0.3789941398872787
474,1.723229725234703,11.819775203762974,11.867596905436313,11.867596905436313,-0.23225398783941476
475,1.7222226671297445,11.933367288638147,11.786194720287087,11.786194720287087,0.7147678711558414
476,1.7212168116709472,11.82905463751369,11.704949053869786,11.704949053869786,0.6027392523864084
477,1.7202121590926895,11.654713648315001,11.623867090653116,11.623867090653116,0.14981139895499096
478,1.7192087072397368,11.634049262413734,11.542955706209481,11.542955706209481,0.4424108920136227
479,1.7182064515811675,11.705472785693809,11.462221469313361,11.462221469313361,1.1813901701461682
480,1.7172053899803423,11.417073210450422,11.381671026792482,11.381671026792482,0.17193654857672325
481,1.7162055226810007,11.086443036030138,11.301311101607162,11.301311101607162,-1.0435422275536843
482,1.7152068451758415,11.158768386684574,11.221147919778321,11.221147919778321,-0.30295649911304956
483,1.7142093577132225,11.262090316190914,11.141187974667378,11.141187974667378,0.5871821782874487
484,1.713213055801495,11.248035621715799,11.061437265086642,11.061437265086642,0.90624571972443
485,1.7122179373293274,11.170475348004667,10.981901867056829,10.981901867056829,0.9158382370009099
486,1.7112240025519208,11.222047256351873,10.902587931646256,10.902587931646256,1.5515069418102545
487,1.7102312493597323,11.092245654656022,10.82350130712959,10.82350130712959,1.3052012838997817
488,1.7092396732921797,10.82220971175241,10.7446475420172,10.7446475420172,0.37669348007586256
489,1.7082492722579132,10.747585699557582,10.666032261559188,10.666032261559188,0.3960777332125187
490,1.707260046521129,10.82616888190549,10.587661165405986,10.587661165405986,1.1583520943246661
491,1.7062719939922053,10.812825088059723,10.509539654202802,10.509539654202802,1.472955771169182
492,1.7052851102413122,10.667547207797885,10.431672832982477,10.431672832982477,1.1455628357647574
493,1.704299393196846,10.659437251379646,10.354065883210266,10.354065883210266,1.4830864554712386
494,1.703314843131839,10.53098368449932,10.276724060277676,10.276724060277676,1.2348538342572102
495,1.7023314579763569,10.396896722796587,10.199652324943656,10.199652324943656,0.9579499762106147
496,1.701349233331011,10.183368741325177,10.122855347060526,10.122855347060526,0.2938932878563616
497,1.7003681671437116,10.17100868269763,10.046337872746799,10.046337872746799,0.6054843672447796
498,1.699388259696172,10.10488470571992,9.970104721725706,9.970104721725706,0.6545812396517081
499,1.6984095089379136,9.92595294907732,9.89416042399096,9.89416042399096,0.1544056458975429
500,1.697431910499683,9.876426136489572,9.818509223835932,9.818509223835932,0.28128304632568657
501,1.6964554646696108,9.876426136489572,9.743155620633113,9.743155620633113,0.647250258481169
502,1.695480167093399,9.772791024878979,9.668103649878939,9.668103649878939,0.5084315168515707
503,1.694506018063404,9.72387979252964,9.593357600720621,9.593357600720621,0.6339025690941802
504,1.6935330155531532,9.693042964434937,9.518921479370638,9.518921479370638,0.8456497334817736
505,1.6925611552306448,9.693042964434937,9.444799013474404,9.444799013474404,1.20563772409083
506,1.6915904350868685,9.672485079038468,9.370994006983365,9.370994006983365,1.4642411568933145
507,1.690620857727521,9.456627282375548,9.297510511597519,9.297510511597519,0.7727768618056075
508,1.6896524142300788,9.34355891269497,9.22435160434098,9.22435160434098,0.5789499699098366
509,1.6886851095067217,9.27160631380733,9.151521309144666,9.151521309144666,0.5832126469093701
510,1.6877189369572354,9.281885256505564,9.079022681461792,9.079022681461792,0.9852355810992641
511,1.6867538945960576,9.307009511173863,9.006859027671402,9.006859027671402,1.4577303673038944
512,1.6857899850259568,8.850169663179726,8.935033898021192,8.935033898021192,-0.41215716457574936
513,1.6848271993872512,8.665148694611508,8.863549891736795,8.863549891736795,-0.9635681628232584
514,1.6838655425759699,8.685706580007976,8.792410535436225,8.792410535436225,-0.5182253725669161
515,1.6829050080413817,8.690357146287614,8.721618411268956,8.721618411268956,-0.15182549350536978
516,1.681945596102435,8.577094197698557,8.651176515850786,8.651176515850786,-0.35979300646333257
517,1.6809873025146462,8.730703043285617,8.581087416971698,8.581087416971698,0.7266329854144771
518,1.6800301276009166,8.720370850334982,8.511353924871399,8.511353924871399,1.015125199777539
519,1.6790740694047135,8.527152249415673,8.441978590739636,8.441978590739636,0.4136599325032242
520,1.678119123703029,8.391754827280101,8.372963711843742,8.372963711843742,0.09126215386179859
521,1.677165290824634,8.200221086057423,8.304311825550672,8.304311825550672,-0.5055338580295277
522,1.676212568826623,8.134339035032244,8.236025215432962,8.236025215432962,-0.49385571988942445
523,1.6752609535073042,8.176037464873133,8.168105916505182,8.168105916505182,0.03852087386562175
524,1.6743104452012403,8.093451227854214,8.100556201493381,8.100556201493381,-0.034506477257173485
525,1.6733610419790335,8.024347844817155,8.033378094700995,8.033378094700995,-0.04385689913408153
526,1.6724127396601511,8.014086530437595,7.966573377341356,7.966573377341356,0.23075547074432046
527,1.6714655385848693,7.822275393356295,7.900144065912539,7.900144065912539,-0.3781820616189313
528,1.6705194368371818,7.791438565261593,7.834091933961323,7.834091933961323,-0.20715312564504318
529,1.6695744302575573,7.818301305436322,7.768418517498704,7.768418517498704,0.2422639934939519
530,1.66863051919191,7.777043778758559,7.703125585355299,7.703125585355299,0.3589959075287974
531,1.6676877017375082,7.61669653939161,7.638214668964638,7.638214668964638,-0.10450634814961335
532,1.6667459759960244,7.5241860551075,7.573687220991237,7.573687220991237,-0.24041058299704154
533,1.6658053378356936,7.296293318312423,7.509544464077385,7.509544464077385,-1.0356893895904273
534,1.664865787609833,7.255071322163765,7.445787850338285,7.445787850338285,-0.9262462995982101
535,1.6639273234332377,7.244487951970476,7.382418602000384,7.382418602000384,-0.6698829693170039
536,1.6629899434250555,7.234226637590915,7.319437866434597,7.319437866434597,-0.4138423982238848
537,1.6620536434810143,7.17675228787022,7.256846568593213,7.256846568593213,-0.38899109504953455
538,1.661118423961704,7.1561590244903925,7.194645859487178,7.194645859487178,-0.18691766697010448
539,1.6601842829992437,7.0905682362770515,7.132836667831426,7.132836667831426,-0.20528361485918634
540,1.6592512165098021,6.7724674905106435,7.07141970566397,7.07141970566397,-1.4519107792748176
541,1.6583192270770941,6.723700493513994,7.010396053303312,7.010396053303312,-1.3923843093614496
542,1.657388308408089,6.800222309246435,6.94976613908745,6.94976613908745,-0.7262842939927738
543,1.6564584608722859,6.841373427607987,6.889530759742004,6.889530759742004,-0.23388403257235124
544,1.655529680412879,6.829630447908746,6.8296903572386425,6.8296903572386425,-0.00029095954954261316
545,1.654601969610697,6.779996136678436,6.770245734552797,6.770245734552797,0.04735443736791911
546,1.6536753222095681,6.524340173756927,6.711197061577743,6.711197061577743,-0.9075013191310377
547,1.6527497385859735,6.463803992451818,6.652544869297726,6.652544869297726,-0.9166512228110046
548,1.6518252169102943,6.381854021073665,6.594289483629272,6.594289483629272,-1.0317278894438897
549,1.6509017553571053,6.393502358301729,6.536431168417367,6.536431168417367,-0.6941573587918914
550,1.6499793499096531,6.434618129094666,6.478969990036128,6.478969990036128,-0.21540213357770233
551,1.6490580031443334,6.392097767495935,6.421906364801215,6.421906364801215,-0.14477037315278607
552,1.648137708859653,6.453560246029548,6.365240104376861,6.365240104376861,0.42894134645179993
553,1.6472184674423378,6.362665530207027,6.3089713704193775,6.3089713704193775,0.26077455000562133
554,1.6463002770877375,6.064576191958232,6.253100130985481,6.253100130985481,-0.9155976284859646
555,1.6453831359953242,5.9721041641829,6.1976262978664955,6.1976262978664955,-1.095285467921131
556,1.6444670401878159,5.9413729249160925,6.142549596826439,6.142549596826439,-0.9770477142491074
557,1.6435519922370478,5.936129923144744,6.087870092367608,6.087870092367608,-0.7369511787382765
558,1.6426379859954778,5.900680825137351,6.033587272710181,6.033587272710181,-0.6454821007669975
559,1.6417250218598005,5.736919807958677,5.979700964819598,5.979700964819598,-1.1791067628329654
560,1.6408130980499094,5.696014853891236,5.926210813416289,5.926210813416289,-1.1179846746026567
561,1.6399022127897516,5.64372290875887,5.8731164126280815,5.8731164126280815,-1.1140874162531622
562,1.6389923643073132,5.53239503762147,5.820417306919452,5.820417306919452,-1.3988276930828492
563,1.6380835486706447,5.52216879910461,5.768112867873797,5.768112867873797,-1.1944679665997715
564,1.6371757684461086,5.497707374226037,5.71620279261647,5.71620279261647,-1.061159065238998
565,1.6362690175482026,5.559248874683791,5.6646862347948295,5.6646862347948295,-0.5120739433390142
566,1.6353632985417001,5.546614875448617,5.6135627948897024,5.6135627948897024,-0.3251436214870729
567,1.6344586053586518,5.495352261072935,5.5628315391884025,5.5628315391884025,-0.32772425259763316
568,1.63355493841021,5.445012010604934,5.512491855665727,5.512491855665727,-0.3277270060611903
569,1.6326522959523142,5.268954644370941,5.462542966713568,5.462542966713568,-0.9401936420067369
570,1.6317506762448535,5.207806234571665,5.412984052298641,5.412984052298641,-0.9964799393544999
571,1.630850077551656,5.219298960373833,5.363814250840472,5.363814250840472,-0.7018623624880316
572,1.6299504981404762,5.216691871358454,5.315032660082747,5.315032660082747,-0.4776082730076403
573,1.629051936282986,4.890010580001369,5.266638337958291,5.266638337958291,-1.8291548743711639
574,1.6281543902547628,4.859384208936643,5.218630303447239,5.218630303447239,-1.7447379567493815
575,1.6272578583352773,4.853032366663388,5.171007537428368,5.171007537428368,-1.544298903216501
576,1.6263623366747757,4.930845741421004,5.123768871395863,5.123768871395863,-0.9369630254730643
577,1.6254678278290478,4.900219370356278,5.0769134377165415,5.0769134377165415,-0.8581439040440009
578,1.6245743279537235,4.9434977464702685,5.030439994964939,5.030439994964939,-0.42224938088871455
579,1.6236818332176595,4.871852851593888,4.984347270578583,4.984347270578583,-0.5463477146284618
580,1.622790346174134,4.728563061841127,4.9386342871757485,4.9386342871757485,-1.0202455811286621
581,1.6218998629973338,4.738798046823467,4.893299704199129,4.893299704199129,-0.7503628017758557
582,1.6210103798745923,4.560403782197345,4.848342152346072,4.848342152346072,-1.3984202230157257
583,1.6201218993566506,4.545365128412843,4.803760551812412,4.803760551812412,-1.2549400256382097
584,1.6192344155216678,4.581354855553453,4.759553365153971,4.759553365153971,-0.8654504761137272
585,1.6183479309186781,4.581354855553453,4.715719448256676,4.715719448256676,-0.6525638232806719
586,1.6174624417525034,4.504599521879992,4.672257311204699,4.672257311204699,-0.8142577281960633
587,1.6165779442409804,4.402685505547866,4.629165439165117,4.629165439165117,-1.0999371813976504
588,1.6156944409305622,4.407508800766827,4.586442597365345,4.586442597365345,-0.8690215187892564
589,1.6148119280442772,4.346151369665664,4.544087215449891,4.544087215449891,-0.9613081072224333
590,1.6139304018180916,4.331345694115377,4.502097700345959,4.502097700345959,-0.8292853033446568
591,1.6130498647958516,4.300771489215739,4.460472733404125,4.460472733404125,-0.7756154533987841
592,1.612170313218663,4.3424404692322565,4.4192106704482175,4.4192106704482175,-0.37284715423628323
593,1.6112917454342521,4.373092990191543,4.378309943807698,4.378309943807698,-0.02533699637043141
594,1.610414159794036,4.281135427313683,4.337768962476882,4.337768962476882,-0.2750501117033566
595,1.6095375546531134,4.151436053345674,4.297586112813297,4.297586112813297,-0.7098018879835577
596,1.6086619283702541,3.8392708901349595,4.257759759227891,4.257759759227891,-2.0324602703844397
597,1.6077872793078896,3.8494276914316123,4.218288244867035,4.218288244867035,-1.7914321635231683
598,1.6069136058321012,3.838505173445751,4.179169892286218,4.179169892286218,-1.6544944386828575
599,1.6060409063126115,3.807878802381025,4.140403004115594,4.140403004115594,-1.6149586736480952
600,1.6051691812006506,3.7542325855320553,4.101985954924899,4.101985954924899,-1.688921640174676
601,1.6042984247151828,3.8051029457696166,4.063916826216307,4.063916826216307,-1.2569723313599346
602,1.6034286393903008,3.7874612216712062,4.026194046352698,4.026194046352698,-1.1594453693678453
603,1.6025598215323213,3.7820667270243553,3.988815753557364,3.988815753557364,-1.004110774271716
604,1.6016919674601449,3.700950014380402,3.9517800726080674,3.9517800726080674,-1.2181975809080288
605,1.6008250797051453,3.693188153246981,3.915085376779609,3.915085376779609,-1.0776804934291588
606,1.599959154591131,3.5904311812719345,3.8787297584326543,3.8787297584326543,-1.4001696278268416
607,1.5990941905165978,3.570031004105617,3.84271138377299,3.84271138377299,-1.324317273691236
608,1.5982301879435439,3.4880186436900216,3.807028489421911,3.807028489421911,-1.5493239729813508
609,1.5973671411554298,3.4680301182740276,3.771679043313376,3.771679043313376,-1.474721126096115
610,1.5965050526790598,3.3966294981919156,3.7366613391339323,3.7366613391339323,-1.6514207627033928
611,1.5956439168138428,3.421397100990362,3.701973322246088,3.701973322246088,-1.3626647316878153
612,1.5947837360847337,3.3866227528850796,3.6676132585790677,3.6676132585790677,-1.3646767724458664
613,1.5939245068558896,3.3866227528850796,3.633579153933848,3.633579153933848,-1.1993845254156255
614,1.5930662295971272,3.36064845452989,3.5998691663673137,3.5998691663673137,-1.1618148738734513
615,1.592208898639559,3.403928145493026,3.566481202636645,3.566481202636645,-0.7894657537488053
616,1.5913525144621636,3.0873427067217367,3.533413401289936,3.533413401289936,-2.166415958583903
617,1.5904970775385794,3.006363225889691,3.5006638884701133,3.5006638884701133,-2.400652759288363
618,1.5896425842613864,3.219706011039106,3.468230624437053,3.468230624437053,-1.2070008075455192
619,1.5887890330710666,3.18990871119556,3.436111640383423,3.436111640383423,-1.195725164951722
620,1.5879364224115369,3.0876675941826126,3.4043049596471415,3.4043049596471415,-1.5378016309507663
621,1.5870847527614607,3.0574204899637962,3.3728086729913054,3.3728086729913054,-1.5317347702497708
622,1.5862340205359202,3.0255579201081897,3.3416207132350824,3.3416207132350824,-1.535011125551572
623,1.5853842241890912,2.986099581216079,3.3107390830465304,3.3107390830465304,-1.5766653270801012
624,1.5845353621785447,2.8523778371390334,3.2801617791328264,3.2801617791328264,-2.077603326213559
625,1.5836874329652408,2.8002506034891357,3.249886792694245,3.249886792694245,-2.183732371824465
626,1.5828404370339881,2.8002506034891357,3.2199121810558298,3.2199121810558298,-2.038155722659746
627,1.581994368809393,2.724335062173932,3.1902357826559156,3.1902357826559156,-2.2627237526664956
628,1.5811492308013109,2.7128126078735257,3.160855716493211,3.160855716493211,-2.175995313000384
629,1.5803050214777026,2.6925677376655144,3.131769954030973,3.131769954030973,-2.133058060450721
630,1.5794617352861822,2.7275494626529535,3.1029763266396824,3.1029763266396824,-1.823322534580016
631,1.5786193747337163,2.716477236685796,3.0744729390646968,3.0744729390646968,-1.738665220966512
632,1.5777779362907367,2.5842143000681355,3.0462576869727482,3.0462576869727482,-2.2439899754393533
633,1.5769374204504223,2.514618091962574,3.0183285992912854,3.0183285992912854,-2.446353223539266
634,1.5760978216908346,2.474059735640597,2.990683503506977,2.990683503506977,-2.5090686048606923
635,1.575259142515054,2.484199324721091,2.963320491065911,2.963320491065911,-2.326931030224974
636,1.5744213794152997,2.5247576810430683,2.9362374540758474,2.9362374540758474,-1.9984194384157272
637,1.5735845328894071,2.5364401068395703,2.9094324139956007,2.9094324139956007,-1.8114987074729485
638,1.572748597445631,2.5465454459106445,2.8829032003324606,2.8829032003324606,-1.6335769550569728
639,1.5719135755831317,2.5364401068395703,2.8566478973309604,2.8566478973309604,-1.5551419894439602
640,1.5710794658062732,2.4454920551999044,2.8306644610098246,2.8306644610098246,-1.8706533670868373
641,1.5702462626457898,2.4193721820798353,2.804950725994158,2.804950725994158,-1.8726258438298296
642,1.5694139685978845,2.429537611416305,2.7795047748592623,2.7795047748592623,-1.6996732963977468
643,1.5685825821766626,2.3545440035602385,2.754324566868934,2.754324566868934,-1.9416002952671096
644,1.5677520979351978,2.3888758940704253,2.729407944642177,2.729407944642177,-1.6538501133370298
645,1.566922518366717,2.3118263103526893,2.7047529920738342,2.7047529920738342,-1.9083132880049813
646,1.5660938419949888,2.2509887758697236,2.6803576745137114,2.6803576745137114,-2.0853009298052267
647,1.565266063395285,2.2737012909916468,2.6562198452685677,2.6562198452685677,-1.8577644990602855
648,1.5644391850578405,2.2029639174941287,2.63233759236082,2.63233759236082,-2.085324126319171
649,1.5636132055160072,2.2243394839670794,2.6087088898882453,2.6087088898882453,-1.8667534655803688
650,1.5627881193671176,2.275123490450346,2.5853316043624397,2.5853316043624397,-1.5065769095455026
651,1.561963929098396,2.0681016411644735,2.5622038305657138,2.5622038305657138,-2.399688841532799
652,1.5611406332527016,1.9974835363442234,2.5393235538322068,2.5393235538322068,-2.6315354834543574
653,1.5603182264492885,2.0176601377214376,2.5166886562239936,2.5166886562239936,-2.4236143719751357
654,1.5594967131336697,2.0479250397872595,2.4942972949430717,2.4942972949430717,-2.167880537354577
655,1.5586760859741895,2.0580133404758665,2.472147309286569,2.472147309286569,-2.0113099783245754
656,1.557856347453023,1.9974835363442234,2.450236810697294,2.450236810697294,-2.19887101036548
657,1.557037494173572,1.946801103454896,2.4285637568230856,2.4285637568230856,-2.339759847969569
658,1.5562195266567298,1.946801103454896,2.40712621489349,2.40712621489349,-2.235644887012442
659,1.555402441516216,1.9503304407172795,2.3859221548316047,2.3859221548316047,-2.115523060302528
660,1.5545862392750036,1.8961031580524248,2.364949654336841,2.364949654336841,-2.2770303990938725
661,1.5537709165570837,1.9099090844329831,2.3442066964549357,2.3442066964549357,-2.1092380398806716
662,1.5529564719425901,1.8290663718643914,2.323691321470658,2.323691321470658,-2.4022277127576332
663,1.5521429059575726,1.8196118512281112,2.3034016243844175,2.3034016243844175,-2.3496048898259696
664,1.5513302152413375,1.829777280564581,2.283335609410726,2.283335609410726,-2.202780890396973
665,1.5505184003219636,1.7440093218450108,2.263491384093391,2.263491384093391,-2.522950383329661
666,1.5497074578489132,1.6875916248693554,2.243866967695691,2.243866967695691,-2.70164302371909
667,1.5488973883522754,1.758619275209292,2.2244604810588235,2.2244604810588235,-2.2624347100302438
668,1.5480881884916222,1.7020530232958389,2.2052699591912157,2.2052699591912157,-2.4439561124021805
669,1.5472798568683277,1.7482236592957994,2.1862934918484656,2.1862934918484656,-2.1275584515475843
670,1.5464723940154548,1.7423383019537284,2.1675292211343837,2.1675292211343837,-2.0650098829056747
671,1.5456657985343298,1.6516964249734767,2.1489752509786513,2.1489752509786513,-2.4151167015495774
672,1.54486006710461,1.6718390643024215,2.1306296498078368,2.1306296498078368,-2.2281922085222825
673,1.5440551983396307,1.6471702685850595,2.112490539361471,2.112490539361471,-2.2599047028597745
674,1.543251192776358,1.6013398266511145,2.094556092363815,2.094556092363815,-2.3953862069048997
675,1.5424480471093884,1.5912685069866421,2.0768244038322776,2.0768244038322776,-2.3581823610474313
676,1.5416457618776118,1.6121946637985858,2.059293662684242,2.059293662684242,-2.171410088238118
677,1.5408443337855329,1.4955901825189495,2.0419619823292945,2.0419619823292945,-2.6535448323390596
678,1.540043763373945,1.420056072690611,2.024827568417398,2.024827568417398,-2.9371725952708942
679,1.53924404926792,1.389842113697194,2.007888593497539,2.007888593497539,-3.00164474665206
680,1.538445188186747,1.3999134333616665,1.9911431994754811,1.9911431994754811,-2.8714049501473546
681,1.5376471787673036,1.3891237040277125,1.9745895786946344,1.9745895786946344,-2.8434116599219545
682,1.5368500215541356,1.434958148092506,1.9582259717476884,1.9582259717476884,-2.5413365584964183
683,1.5360537151839986,1.4046421308792842,1.9420505884511865,1.9420505884511865,-2.6100128812289154
684,1.5352582563957333,1.4401987120195558,1.9260616102007668,1.9260616102007668,-2.35967336370866
685,1.5344636438378016,1.4094028821887008,1.9102572673946037,1.9102572673946037,-2.4324819950056225
686,1.5336698780584275,1.420056072690611,1.8946358373139762,1.8946358373139762,-2.3048749631407572
687,1.5328769577059258,1.3294141957103596,1.8791955686551118,1.8791955686551118,-2.670103987065621
688,1.5320848795385167,1.3092715563814146,1.8639346837847663,1.8639346837847663,-2.693813033397918
689,1.5312936441071392,1.2775882241422756,1.8488514884988143,1.8488514884988143,-2.774434338603532
690,1.5305032481796381,1.263167383884248,1.8339442261283172,1.8339442261283172,-2.7720719493233252
691,1.529713692308737,1.299200236716942,1.8192112218902847,1.8192112218902847,-2.5255191848211136
692,1.5289249751570344,1.2689862777235248,1.804650774975912,1.804650774975912,-2.60154305007134
693,1.528137093506737,1.257309045981287,1.7902611606855572,1.7902611606855572,-2.588369916508479
694,1.5273500479132174,1.2227460275999522,1.7760407339253583,1.7760407339253583,-2.687167070555204
695,1.5265638351682014,1.1884157204077455,1.761987791608656,1.761987791608656,-2.7856474401451523
696,1.5257784558288017,1.2025353494578042,1.748100708757703,1.748100708757703,-2.649628220885419
697,1.5249939066962215,1.1457735660958503,1.734377804111212,1.734377804111212,-2.8586536395558686
698,1.5242101902028584,1.2227460275999522,1.720817505280089,1.720817505280089,-2.418966345247641
699,1.5234272994103029,1.176192333337333,1.7074180881503804,1.7074180881503804,-2.579985564736112
700,1.5226452386243017,1.176192333337333,1.6941780327529332,1.6941780327529332,-2.5156830502359604
701,1.5218640027913342,1.2227460275999522,1.6810956697833568,1.6810956697833568,-2.2260506944948695
702,1.521083590607756,1.21675068965931,1.6681694051731466,1.6681694051731466,-2.1923895050745204
703,1.5203040045006098,1.1964715114983215,1.655397716381152,1.655397716381152,-2.2288508664146356
704,1.5195252394361567,1.1924300103867302,1.6427789687579795,1.6427789687579795,-2.1871940529326714
705,1.5187472941189843,1.1317979759602863,1.6303116007193579,1.6303116007193579,-2.4211137055192533
706,1.5179701691146572,1.1457735660958503,1.617994090850922,1.617994090850922,-2.2934169252937613
707,1.5171938631275033,1.1385280856846283,1.605824898294613,1.605824898294613,-2.2695041045313133
708,1.5164183748645779,1.0978663683387486,1.5938024931398498,1.5938024931398498,-2.408595651519759
709,1.515643701183095,1.0812712806049165,1.581925328197278,1.581925328197278,-2.431509022316842
710,1.5148698426518865,1.1115872978181385,1.5701919244347513,1.5701919244347513,-2.2272890684836106
711,1.514096797986138,1.0368737923199294,1.5586007848791827,1.5586007848791827,-2.533853257942603
712,1.513324564056837,1.0572046509928692,1.5471503963351236,1.5471503963351236,-2.3795023848791854
713,1.5125531414352202,1.0004285680363245,1.5358393117524525,1.5358393117524525,-2.6003106541368095
714,1.5117825288445395,1.0105339071073984,1.5246660672035899,1.5246660672035899,-2.4969677004489066
715,1.5110127231694659,0.9453849282917003,1.5136291835423439,1.5136291835423439,-2.759772022549677
716,1.5102437249836043,0.9962120749740497,1.5027272457986103,1.5027272457986103,-2.4599745347570936
717,1.5094755330182092,0.9507047071182331,1.4919588231360883,1.4919588231360883,-2.628689956253178
718,1.5087081441715466,1.0249669768604366,1.4813224704530081,1.4813224704530081,-2.216365782700451
719,1.507941560853333,1.0281399084715541,1.470816829885941,1.470816829885941,-2.1499335390711165
720,1.5071757781333404,1.0426108157125864,1.4604404533925044,1.4604404533925044,-2.0292586042114675
721,1.506410794758986,0.9039553154021465,1.4501919551535123,1.4501919551535123,-2.6528884052025075
722,1.5056466131367041,0.9750529244787197,1.440070008493422,1.440070008493422,-2.25843222630618
723,1.5048832283553089,0.9180353626632541,1.4300732002139402,1.4300732002139402,-2.4867962773084624
724,1.5041206409945482,0.9043391001185377,1.420200200931144,1.420200200931144,-2.505364586424822
725,1.5033588498067194,0.8784227041842892,1.4104496678514546,1.4104496678514546,-2.5838767677872334
726,1.5025978517259149,0.8813974202891331,1.400820246225179,1.400820246225179,-2.522662692401002
727,1.5018376491530834,0.861135410627314,1.3913106612446189,1.3913106612446189,-2.574883617708591
728,1.50107823720853,0.8791644991834368,1.3819195573773893,1.3819195573773893,-2.441712927105625
729,1.500319614660427,0.8286378038280668,1.3726456363556616,1.3726456363556616,-2.6420638350234267
730,1.499561783906416,0.8791644991834368,1.3634876543385257,1.3634876543385257,-2.352195347545464
731,1.4988047400855435,0.8618650718420113,1.3544442900684153,1.3544442900684153,-2.392292280633807
732,1.4980484855932479,0.8488484819702148,1.345514320264868,1.345514320264868,-2.4121396255509504
733,1.4972930155810136,0.7275844131173269,1.336696446367259,1.336696446367259,-2.9582531322204813
734,1.4965383288297687,0.7376897521884009,1.3279894241346777,1.3279894241346777,-2.866887794297226
735,1.4957844277316297,0.7325331874208888,1.3193920609524403,1.3193920609524403,-2.8501769888426183
736,1.4950313074566377,0.7579004303305489,1.3109030920302107,1.3109030920302107,-2.6857487076240925
737,1.4942789703946955,0.7275844131173269,1.302521345075841,1.302521345075841,-2.7922761117044432
738,1.4935274117281607,0.7121850433258643,1.2942455776258859,1.2942455776258859,-2.8268730623294713
739,1.4927766320476357,0.7427072594684012,1.2860746181525307,1.2860746181525307,-2.638953268083175
740,1.4920266283484387,0.7389377625924155,1.2780072662899753,1.2780072662899753,-2.618080025917834
741,1.491277403016025,0.718692892384404,1.270042390029458,1.270042390029458,-2.677719843514274
742,1.4905289512572306,0.7942528984441911,1.2621787910480418,1.2621787910480418,-2.2725593353602664
743,1.489781275455286,0.7637047100424915,1.2544153572867616,1.2544153572867616,-2.383217257224434
744,1.4890343708291989,0.7288153274884098,1.2467509122273126,1.2467509122273126,-2.5154396600364266
745,1.488288237973679,0.7693050679044326,1.2391843456096499,1.2391843456096499,-2.282046272539489
746,1.4875428739097274,0.7820736998423065,1.231714520997092,1.231714520997092,-2.183754867652637
747,1.4867982810161051,0.6420583028923971,1.2243403657850358,1.2243403657850358,-2.8279489525060106
748,1.4860544563169462,0.6505874775340733,1.2170607638033557,1.2170607638033557,-2.751171019367677
749,1.4853113968459746,0.6200911895246636,1.2098746099654278,1.2098746099654278,-2.864380533645934
750,1.484569104978596,0.6404220481976034,1.2027808608490198,1.2027808608490198,-2.731188399089191
751,1.4838275759760375,0.6933105415676576,1.1957784146957489,1.1957784146957489,-2.4403181654292254
752,1.4830868104376362,0.6894920574736089,1.188866230873914,1.188866230873914,-2.4252931020413904
753,1.4823468071860033,0.6918368992308395,1.1820432616351486,1.1820432616351486,-2.3807681146596655
754,1.4816075650461686,0.6613146830883024,1.1753084691684115,1.1753084691684115,-2.496295664199171
755,1.4808690828455764,0.5880961666686665,1.1686608255492534,1.1686608255492534,-2.819608096439134
756,1.480131359414078,0.4968398649442183,1.1620993126883725,1.1620993126883725,-3.2309423186537116
757,1.4793943935839255,0.5921098405847169,1.155622922279512,1.155622922279512,-2.7367942972271417
758,1.4786581841897675,0.6286545229906435,1.149230655746731,1.149230655746731,-2.5282639173424872
759,1.4779227283071432,0.5880961666686665,1.1429215091710192,1.1429215091710192,-2.694600857802163
760,1.4771880283002161,0.5724247696733917,1.1366945335116987,1.1366945335116987,-2.740469248958429
761,1.4764540794895349,0.6337559949955409,1.1305487292119438,1.1305487292119438,-2.4127559165409327
762,1.4757208842370062,0.6930153110584604,1.1244831655321614,1.1244831655321614,-2.0954948552552173
763,1.4749884378749072,0.5880961666686665,1.1184968626588982,1.1184968626588982,-2.5759785303752274
764,1.4742567427628854,0.5586240713159332,1.1125889079498137,1.1125889079498137,-2.690421669013
765,1.4735257942449007,0.5484672700192799,1.1067583410925896,1.1067583410925896,-2.7114327406755927
766,1.4727955929290424,0.5586240713159332,1.101004253633311,1.101004253633311,-2.6341588831103224
767,1.472066139418795,0.5726693569441816,1.095325745617746,1.095325745617746,-2.538367023582012
768,1.4713374290755585,0.590096178755716,1.0897218855240483,1.0897218855240483,-2.426514715362432
769,1.4706094625092128,0.5634060532248019,1.0841917918663782,1.0841917918663782,-2.529281902923845
770,1.4698822403250469,0.5634060532248019,1.0787345915100868,1.0787345915100868,-2.502778108603745
771,1.4691557579017989,0.5799221067082037,1.0733493811619241,1.0733493811619241,-2.396411005685705
772,1.4684300158511099,0.5429185603802636,1.0680353057973855,1.0680353057973855,-2.550316152224529
773,1.4677050147800441,0.4985295303281049,1.0627915185908756,1.0627915185908756,-2.7404314855923664
774,1.4669807500845773,0.5697480346606913,1.057617143907996,1.057617143907996,-2.3694168589052675
775,1.466257222378083,0.5224310675357253,1.052511352669759,1.052511352669759,-2.574422402163659
776,1.4655344322693702,0.4704069717755778,1.047473323840562,1.047473323840562,-2.802617991943073
777,1.464812375171554,0.4822817758393943,1.0425022088688272,1.0425022088688272,-2.7208030054845724
778,1.46409105342839,0.48918727839420734,1.0375972157801616,1.0375972157801616,-2.6634433838990628
779,1.4633704624643646,0.5233270333576406,1.0327575137557405,1.0327575137557405,-2.4741332169149555
780,1.4626506046209526,0.5202045177411042,1.0279823271669237,1.0279823271669237,-2.4661067475408522
781,1.461931475333968,0.540604694907422,1.023270842668372,1.023270842668372,-2.3441478176228157
782,1.4612130769426022,0.5526891890463654,1.0186223007479902,1.0186223007479902,-2.262881065971324
783,1.460495406614153,0.47940416340846853,1.0140359161987134,1.0140359161987134,-2.596527356121551
784,1.4597784615249285,0.5326748139579945,1.0095109126198871,1.0095109126198871,-2.3158332218394007
785,1.4590622440106915,0.5941372924916093,1.0050465542416351,1.0050465542416351,-1.9956486561999065
786,1.4583467512505275,0.459395565970901,1.0006420807556295,1.0006420807556295,-2.628653039609805
787,1.4576319821459454,0.5768595534937356,0.99629675080504,0.99629675080504,-2.0370659829122406
788,1.4569179356006743,0.5871606169489809,0.992009830997953,0.992009830997953,-1.9662170342413041
789,1.4562046122307617,0.5335883477372022,0.9877806059211746,0.9877806059211746,-2.205859672865328
790,1.4554920075224709,0.5677803795050788,0.9836083376406903,0.9836083376406903,-2.0195371170984124
791,1.454780122097936,0.617797901394854,0.979492326501443,0.979492326501443,-1.756628678421159
792,1.4540689565747982,0.5869080063251113,0.97543188002763,0.97543188002763,-1.8869303241154427
793,1.4533585081593714,0.5121873211134562,0.9714262937902193,0.9714262937902193,-2.2303698748327134
794,1.452648774066823,0.4860327189168573,0.9674748714797127,0.9674748714797127,-2.338203282905176
795,1.4519397566214554,0.4335777443493328,0.9635769526910726,0.9635769526910726,-2.574028639338988
796,1.451231453041127,0.4625524214205431,0.9597318559896467,0.9597318559896467,-2.414633990634305
797,1.4505238622492935,0.4625524214205431,0.955938916893992,0.955938916893992,-2.3962129558368557
798,1.449816984866711,0.45500935387961106,0.9521974871861532,0.9521974871861532,-2.414676237488527
799,1.4491108164292328,0.4621554438434489,0.9485068990675871,0.9485068990675871,-2.3620461216310353
800,1.448405359255416,0.47569159723777515,0.9448665276299867,0.9448665276299867,-2.278625493551175
801,1.4477006105822094,0.4526623019770698,0.9412757285054425,0.9412757285054425,-2.373031758641097
802,1.44699656934384,0.4835256407482337,0.9377338733446748,0.9377338733446748,-2.2059372552362904
803,1.4462932344766712,0.48687419904260776,0.9342403408407017,0.9342403408407017,-2.172707511888169
804,1.4455906049191982,0.46615614801951805,0.930794516668096,0.930794516668096,-2.2565929326181533
805,1.444888681295673,0.4885659309665098,0.9273958015225764,0.9273958015225764,-2.1312497015663534
806,1.4441874591799395,0.47817091115871185,0.9240435785491505,0.9240435785491505,-2.165454206907861
807,1.4434869408824893,0.4669646151273393,0.9207372700966873,0.9207372700966873,-2.203821800591931
808,1.4427871236666647,0.3735716921018714,0.9174762810655896,0.9174762810655896,-2.641562415613618
809,1.4420880064815438,0.39330250240192033,0.914260031136629,0.914260031136629,-2.5301162298675792
810,1.4413895899537916,0.40505391435541654,0.9110879541720401,0.9110879541720401,-2.4576378425994223
811,1.4406918713579504,0.4243526999599667,0.9079594752655116,0.9079594752655116,-2.348716130557308
812,1.4399948479771427,0.375035167516452,0.9048740264299598,0.9048740264299598,-2.57324987587279
813,1.4392985237855584,0.37585317480478964,0.9018310755402401,0.9018310755402401,-2.55449849517412
814,1.4386028927259902,0.3735716921018714,0.8988300527255974,0.8988300527255974,-2.5510039298510376
815,1.4379079554322887,0.39569821496458496,0.8958704238596998,0.8958704238596998,-2.4291688931492237
816,1.437213712533919,0.444668232200529,0.8929516606861501,0.8929516606861501,-2.1771624660975664
817,1.4365201613276088,0.4054057725041252,0.89007322704844,0.89007322704844,-2.3538674943608284
818,1.4358273024437398,0.3832839439271593,0.8872346068620133,0.8872346068620133,-2.447519578881651
819,1.4351351315254013,0.3963880742729455,0.8844352697388334,0.8844352697388334,-2.370281764021521
820,1.4344436508680576,0.3755255440480536,0.8816747183988494,0.8816747183988494,-2.458197012469248
821,1.433752857783079,0.4054057725041252,0.8789524413321533,0.8789524413321533,-2.2998575628833144
822,1.433062751246454,0.4158007923119233,0.8762679397176264,0.8762679397176264,-2.2363347081317957
823,1.4323733318907947,0.3534306734651348,0.8736207269108076,0.8736207269108076,-2.5263888594434905
824,1.4316845970383765,0.34303565365733674,0.8710103092762997,0.8710103092762997,-2.5641960648591433
825,1.4309965456712772,0.4061113258847056,0.8684362054215867,0.8684362054215867,-2.2453570908723925
826,1.4303091784234179,0.32280643852374036,0.8658979457033282,0.8658979457033282,-2.6376135497180924
827,1.42962249097967,0.3123933276036197,0.8633950478768068,0.8633950478768068,-2.676030805302123
828,1.4289364872728827,0.2915671057633784,0.8609270653817088,0.8609270653817088,-2.7651906249744753
829,1.4282511613484532,0.3340917109375908,0.8584935213773874,0.8584935213773874,-2.546843952496801
830,1.4275665154902508,0.2401284172363934,0.8560939740962709,0.8560939740962709,-2.9915384009052803
831,1.4268825470457358,0.37585317480478964,0.8537279696195506,0.8537279696195506,-2.3208778211576138
832,1.4261992550110172,0.3679811978497184,0.8513950652819998,0.8513950652819998,-2.3477792416285723
833,1.425516640022975,0.3873072703125065,0.8490948292190381,0.8490948292190381,-2.242747504538566
834,1.4248346994397554,0.43964609062500737,0.8468268237015288,0.8468268237015288,-1.9775404412495015
835,1.424153432263407,0.41871056250000704,0.8445906218512049,0.8445906218512049,-2.0683568058964563
836,1.4234728391320406,0.41111981116179186,0.8423858072042901,0.8423858072042901,-2.0945144964644293
837,1.4227929174144223,0.3879860510223103,0.8402119577347783,0.8402119577347783,-2.1963097623692445
838,1.4221136661184977,0.3774999415352208,0.8380686618772079,0.8380686618772079,-2.236828013862939
839,1.4214350858835836,0.43296568902644833,0.8359555181063058,0.8359555181063058,-1.957186624220443
840,1.420757174089003,0.3801649952427351,0.8338721196218257,0.8338721196218257,-2.2035035404635757
841,1.4200799297485542,0.34725879949141486,0.8318180697058573,0.8318180697058573,-2.353342079305416
842,1.4194033535027384,0.3156898177194681,0.8297929813179837,0.8297929813179837,-2.4968268741716524
843,1.4187274427413703,0.30732885576152436,0.8277964624156998,0.8277964624156998,-2.527736842414751
844,1.41805219810573,0.32954540160195633,0.8258281353683969,0.8258281353683969,-2.410279015172748
845,1.4173776169925947,0.27713148491928946,0.8238876177176511,0.8238876177176511,-2.655411408935076
846,1.4167036984254244,0.2215673877092454,0.8219745364832208,0.8219745364832208,-2.9159764238960384
847,1.4160304430466457,0.2964687579766971,0.8200885277829331,0.8200885277829331,-2.543045843072807
848,1.415357848263423,0.2656444283419198,0.8182292231572419,0.8182292231572419,-2.6837192681253295
849,1.4146859147189363,0.2760251080498215,0.816396267651131,0.816396267651131,-2.6244017326715094
850,1.4140146398272426,0.2547924074306045,0.8145893018921173,0.8145893018921173,-2.718746020518309
851,1.413344022621346,0.3421515708040525,0.8128079754134315,0.8128079754134315,-2.2858205176255746
852,1.4126740637455364,0.37422828056693247,0.8110519462972748,0.8110519462972748,-2.1215062366771296
853,1.4120047622320229,0.38492051715455916,0.809320872569035,0.809320872569035,-2.061170379481251
854,1.411336113902218,0.36095591052668974,0.8076144083797074,0.8076144083797074,-2.1692707222620484
855,1.4106681226157192,0.36095591052668974,0.8059322326390502,0.8059322326390502,-2.1611009581101346
856,1.4100007825959182,0.36095591052668974,0.8042740039965687,0.8042740039965687,-2.153047496993326
857,1.4093340960952543,0.3779429222268991,0.8026394054198656,0.8026394054198656,-2.062608572917659
858,1.4086680621553516,0.3219176404464345,0.8010281158195013,0.8010281158195013,-2.326879107755957
859,1.4080026782209394,0.3023543377815193,0.7994398143579132,0.7994398143579132,-2.414177668133586
860,1.4073379433419113,0.34123687802524044,0.7978741881486612,0.7978741881486612,-2.2177344712004103
861,1.4066738581657623,0.26659131095721905,0.7963309319385636,0.7963309319385636,-2.572767910474585
862,1.406010421741568,0.2889485654670311,0.7948097405393679,0.7948097405393679,-2.45679829643497
863,1.4053476315275162,0.3436870047362591,0.7933103090508536,0.7933103090508536,-2.1836697942268413
864,1.4046854865808889,0.32551768641511813,0.7918323401294305,0.7918323401294305,-2.2647340877349635
865,1.4040239875505465,0.303816507320777,0.7903755436863084,0.7903755436863084,-2.363054273708478
866,1.403363131904696,0.3111870524315533,0.7889396263132001,0.7889396263132001,-2.3202842350216146
867,1.4027029202928658,0.3338456822095184,0.7875243052527949,0.7875243052527949,-2.2033651190216377
868,1.4020433517751745,0.3704877462963881,0.786129297875542,0.786129297875542,-2.0186318028878802
869,1.4013844238297957,0.3691431892240702,0.7847543218838008,0.7847543218838008,-2.0184840683846192
870,1.4007261355249618,0.3230764666543726,0.7833991019773519,0.7833991019773519,-2.2356328613482397
871,1.4000684875115115,0.2907688199889354,0.7820633695742435,0.7820633695742435,-2.3860530753252043
872,1.399411478856836,0.29447900792731435,0.7807468562551824,0.7807468562551824,-2.361640070938773
873,1.3987551070523008,0.24971451035745923,0.7794492939559083,0.7794492939559083,-2.5727444169260725
874,1.3980993711733505,0.19454619957643626,0.7781704212575717,0.7781704212575717,-2.8344673682050465
875,1.397444271872098,0.2918192993646544,0.7769099831218306,0.7769099831218306,-2.3559229768931864
876,1.396789808223136,0.18660323018873998,0.7756677247029075,0.7756677247029075,-2.8608889512143043
877,1.3961359777309197,0.23885735773322186,0.774443391528851,0.774443391528851,-2.6011619793420677
878,1.3954827810484962,0.3691431892240702,0.7732367383185007,0.7732367383185007,-1.9625470226561532
879,1.3948302156868257,0.2971876448317158,0.7720475171627859,0.7720475171627859,-2.306235352459051
880,1.3941782822995668,0.21973476926102556,0.7708754890986582,0.7708754890986582,-2.67670587963074
881,1.3935269799702208,0.25177036557920546,0.7697204153867138,0.7697204153867138,-2.5155099120297777
882,1.3928763062194618,0.29800997935686857,0.7685820576794099,0.7685820576794099,-2.285410973094275
883,1.39222626170185,0.24282294614263367,0.7674601862193297,0.7674601862193297,-2.547987355389466
884,1.3915768439445002,0.29636983618211643,0.7663545688476769,0.7663545688476769,-2.2825584319612604
885,1.3909280536025623,0.29528640050707683,0.7652649817658574,0.7652649817658574,-2.2825285566388556
886,1.3902798882095675,0.24440091115672477,0.7641911988590445,0.7641911988590445,-2.5244473311237843
887,1.3896323499785666,0.31949541842666573,0.7631330046759988,0.7631330046759988,-2.154599166413644
888,1.3889854333333904,0.32899803621094115,0.7620901739120034,0.7620901739120034,-2.1033834548603125
889,1.388339142043537,0.3180314350039098,0.7610624992911158,0.7610624992911158,-2.151653492389361
890,1.3876934720979803,0.28991400179940746,0.7600497638369869,0.7600497638369869,-2.28329193103605
891,1.3870484226020565,0.28644416824459684,0.759051758420955,0.759051758420955,-2.295296772402979
892,1.3864039942129127,0.24634480225328126,0.7580682790230351,0.7580682790230351,-2.485269532286076
893,1.3857601860349968,0.27593516607117463,0.7570991218975911,0.7570991218975911,-2.3368521745342696
894,1.3851169971744786,0.28803525180669964,0.7561440859954711,0.7561440859954711,-2.273447821364586
895,1.3844744251934615,0.32127008855362654,0.7552029706831719,0.7552029706831719,-2.107466668954256
896,1.3838324707501926,0.3151516797971213,0.754275582521607,0.754275582521607,-2.1326777173265388
897,1.3831911314130552,0.3472847035949163,0.7533617261732526,0.7533617261732526,-1.9721800890316994
898,1.3825504078408306,0.35549223440978145,0.7524612133000392,0.7524612133000392,-1.927945371446333
899,1.3819102991482186,0.2221826465061134,0.7515738558532756,0.7515738558532756,-2.5710757918628033
900,1.3812708044516153,0.2483198635423295,0.750699468291312,0.750699468291312,-2.4398894754761127
901,1.380631921331896,0.31367650647282763,0.7498378654902139,0.7498378654902139,-2.1182896348023657
902,1.3799936504488928,0.2345985095407058,0.7489888689502598,0.7489888689502598,-2.498221688033779
903,1.3793559893896867,0.2832503455688489,0.748152298468871,0.748152298468871,-2.2578730730436813
904,1.378718940347577,0.31574564149441386,0.7473279822571296,0.7473279822571296,-2.0960508768154327
905,1.3780824993800407,0.3030411685016764,0.7465157428864605,0.7465157428864605,-2.1538074723859983
906,1.3774466656178002,0.21527026263232518,0.7457154093121985,0.7457154093121985,-2.5761944124867
907,1.3768114412506691,0.24926030410058705,0.7449268165568678,0.7449268165568678,-2.4072862346637254
908,1.376176822349607,0.21385292557661806,0.7441497942631589,0.7441497942631589,-2.575474275936655
909,1.3755428095762066,0.2634168973818642,0.7433841800273231,0.7433841800273231,-2.3310403337027497
910,1.3749094005390912,0.30649074629534,0.7426298099458566,0.7426298099458566,-2.1181813536729903
911,1.3742765959003365,0.27347388814000473,0.7418865259628947,0.7418865259628947,-2.274923293860862
912,1.3736443947963572,0.29430171347121137,0.7411541703268842,0.7411541703268842,-2.170212716174179
913,1.3730127963652135,0.36602598959852606,0.7404325874208181,0.7404325874208181,-1.818367443542757
914,1.3723817997466055,0.31166453275482553,0.7397216237356372,0.7397216237356372,-2.0789299193562023
915,1.3717514025643684,0.28432715348560933,0.7390211261693482,0.7390211261693482,-2.2082963321486715
916,1.37112160548176,0.2533379458834155,0.7383309470739274,0.7383309470739274,-2.3554485653842625
917,1.370492407643373,0.19696152559247787,0.7376509391063502,0.7376509391063502,-2.6259473853302766
918,1.3698638066820976,0.2173279313241248,0.7369809553262253,0.7369809553262253,-2.523780687306312
919,1.3692358047738158,0.1601363704493551,0.7363208556012328,0.7363208556012328,-2.798335059714695
920,1.3686083980427113,0.1967075910507491,0.7356704953456022,0.7356704953456022,-2.6175623083228174
921,1.3679815871531764,0.24299173012151357,0.7350297366845815,0.7350297366845815,-2.389663796856011
922,1.3673553697500942,0.2924810837785946,0.734398440537469,0.734398440537469,-2.146244587944499
923,1.3667297480047056,0.2991115578325865,0.7337764742553291,0.7337764742553291,-2.1110219143320057
924,1.3661047180586867,0.2318691045778809,0.7331637010080896,0.7331637010080896,-2.4346199534796864
925,1.3654802805773023,0.2809649656190354,0.7325599903051887,0.7325599903051887,-2.193245779672253
926,1.3648564347196217,0.3271523560457324,0.731965211957032,0.731965211957032,-1.9660404549442616
927,1.3642331796463045,0.2589445028913771,0.7313792375613797,0.7313792375613797,-2.2944572711040645
928,1.3636105145195978,0.27851275375495,0.7308019404805417,0.7308019404805417,-2.19661709219826
929,1.3629884370051557,0.2912472089316885,0.730233194458648,0.730233194458648,-2.1320078996915264
930,1.362366947769296,0.2809649656190354,0.7296728777201257,0.7296728777201257,-2.1792240408432466
931,1.3617460459789972,0.2682085424115467,0.7291208687857746,0.7291208687857746,-2.238496793275658
932,1.361125730802812,0.27851275375495,0.728577047852271,0.728577047852271,-2.1858115338983874
933,1.36050600141086,0.2735397385016259,0.728041296770615,0.728041296770615,-2.20736183978266
934,1.3598868569748266,0.22264841388907317,0.7275134990248264,0.7275134990248264,-2.451960621238915
935,1.359268295177949,0.2388100101587892,0.7269935384671481,0.7269935384671481,-2.3709438869746875
936,1.3586503166877475,0.286572012190547,0.7264813030653021,0.7264813030653021,-2.1364920845179847
937,1.358032922167875,0.2880089167675835,0.7259766822832642,0.7259766822832642,-2.127062746134826
938,1.3574161078202795,0.3360104028955141,0.7254795634959617,0.7254795634959617,-1.8915212659684957
939,1.3567998743130625,0.31326626192781293,0.7249898392658579,0.7249898392658579,-1.9996035142676756
940,1.3561842193439597,0.387313345276359,0.7245074012861896,0.7245074012861896,-1.6376385917628256
941,1.355569145063355,0.320474857291006,0.7240321462203699,0.7240321462203699,-1.959942586647019
942,1.3549546491707114,0.20339441045580006,0.7235639687059525,0.7235639687059525,-2.526289321143418
943,1.3543407293724015,0.1944433470446773,0.7231027649005324,0.7231027649005324,-2.5675217256925107
944,1.3537273878153395,0.2300836571377436,0.7226484357214582,0.7226484357214582,-2.3922221521256155
945,1.3531146207310616,0.24219332330288795,0.7222008790859955,0.7222008790859955,-2.3312359268434037
946,1.3525024287889582,0.24048976785912063,0.7217599976008268,0.7217599976008268,-2.337368311345919
947,1.3518908111807126,0.352607612387138,0.7213256941465634,0.7213256941465634,-1.7907402263116754
948,1.3512797685720679,0.2823800301195306,0.7208978739868482,0.7208978739868482,-2.1297342924479308
949,1.3506692972113097,0.34906091307817533,0.7204764406402341,0.7204764406402341,-1.8038408171045694
950,1.3500593962986431,0.3383857895642756,0.7200613010575088,0.7200613010575088,-1.8536701226249126
951,1.3494500679728882,0.30709234943865144,0.7196523654516868,0.7196523654516868,-2.0036658167590553
952,1.348841309962047,0.3094749166928835,0.7192495423145691,0.7192495423145691,-1.9901381085545344
953,1.3482331214668342,0.2669529449339061,0.7188527424184027,0.7188527424184027,-2.1947259590745616
954,1.3476255016894572,0.29240740858732545,0.7184618777905416,0.7184618777905416,-2.0692038561316495
955,1.3470184498336133,0.3344058752787794,0.7180768616968013,0.7180768616968013,-1.8633614759791184
956,1.3464119636425294,0.32470905885677587,0.7176976077172619,0.7176976077172619,-1.9086137559792562
957,1.3458060452480982,0.28136965901151234,0.7173240333745873,0.7173240333745873,-2.1172843796628946
958,1.345200690935865,0.33302714529793404,0.7169560537497571,0.7169560537497571,-1.8646141169100323
959,1.3445959028354142,0.30098793053987205,0.7165935886747545,0.7165935886747545,-2.018457480451045
960,1.3439916786971986,0.31534677837818387,0.7162365564707579,0.7162365564707579,-1.946987379956942
961,1.343388016278383,0.2966356322249415,0.715884876653962,0.715884876653962,-2.0361531587150905
962,1.3427849177050926,0.38796289545544926,0.7155384724062362,0.7155384724062362,-1.590924860543633
963,1.3421823807361117,0.36910939758601286,0.7151972654707367,0.7151972654707367,-1.6808328571854017
964,1.341580403136905,0.26503097712223656,0.7148611787380653,0.7148611787380653,-2.184674625121674
965,1.34097898703014,0.36142110203533134,0.7145301386074396,0.7145301386074396,-1.7149323218610248
966,1.3403781287340037,0.3016201351373274,0.7142040693273164,0.7142040693273164,-2.0037819793334717
967,1.3397778303688597,0.1932828182502786,0.7138828993705494,0.7138828993705494,-2.528380226526168
968,1.3391780897072743,0.26503097712223656,0.7135665558838624,0.7135665558838624,-2.1783870755340295
969,1.3385789045284417,0.33932265202949324,0.7132549670859727,0.7132549670859727,-1.8160640110033643
970,1.3379802769492712,0.21976377971638894,0.7129480644567475,0.7129480644567475,-2.3952308860337994
971,1.3373822047505364,0.19173438417914782,0.712645778213193,0.712645778213193,-2.529892169078608
972,1.3367846871607316,0.24655054541445157,0.7123480403142504,0.7123480403142504,-2.2622224205877437
973,1.3361877234097792,0.22861606339746265,0.7120547836899941,0.7120547836899941,-2.3478999436467003
974,1.3355913127290269,0.2476246230084542,0.7117659422284572,0.7117659422284572,-2.2541789300230897
975,1.334995454351244,0.259526889909949,0.7114814507626186,0.7114814507626186,-2.194991926411579
976,1.3344001475106186,0.3602127831765485,0.7112012450575556,0.7112012450575556,-1.7046334008421993
977,1.333805391442754,0.3586704219347118,0.7109252617977551,0.7109252617977551,-1.7107837745459418
978,1.3332111853846647,0.4263699786519536,0.7106534385745853,0.7106534385745853,-1.3806695482069506
979,1.3326175300069276,0.3602127831765485,0.7103857145151915,0.7103857145151915,-1.7006726421481082
